858422.3	2840472.3	1355477.98	1404768.8	2782624.3	1904807.3	993502.5	1325112.3	574934.3	1300039.6	288000.8	1355477.144	2782611.3	754500.3	2782664.3	2057741.8	858423.19	1325090.8	1437360.8	2913970.3	1404367.6	709803.3	1325107.4	189873.4	2782666.3	1325115.7	167468.3	29448.119	722472.8	858423.18	255045.4	83637.3	1437360.11	1325102.3	1390131.5	83627.3	546899.3	1325120.3	1038867.3	2715960.3	1325095.3	2926009.3	1274631.4	1619232.5	2171498.4	190148.11	2898149.3	2911011.5	114615.4	1245469.3	630921.8	115808.6	2782658.3	1437360.9	1437360.5	335659.3	2734909.5	722472.6	29448.154	1855319.3	244734.9	1521768.3	1325100.3	2782634.3	722472.4	1803665.3	2782633.3	1404888.3	1399419.3	2817704.3	2904800.6	375.229	2035447.3	241591.3	113395.3	255045.56	375.252	2876780.6	1197460.4
100.0	83.276459	81.554947	81.942123	81.698151	82.838486	81.814011	81.542259	81.83165	81.822044	80.705933	81.999557	81.587723	81.661469	81.630249	82.71431	81.535378	81.443237	80.716797	83.024323	81.896042	81.778076	81.764313	88.377853	81.850647	81.668228	81.844627	81.886353	83.309372	81.698746	81.497482	83.000206	82.205368	81.772034	82.006927	81.69413	81.861023	82.794792	81.454788	82.945618	81.469604	81.832275	88.16806	83.031288	81.905396	91.840034	80.932175	81.234848	80.918793	80.868134	82.802155	80.845299	88.358978	83.75528	82.801163	81.719574	80.887215	82.057907	82.9879	81.21962	81.876137	79.691208	83.160675	81.661591	84.679123	81.837418	81.644562	81.776802	81.758728	82.87661	79.688965	81.798645	81.79306	81.59758	81.02478	81.582726	81.852715	81.523521	82.827591
83.276459	100.0	81.780472	82.092232	81.917252	82.91024	81.876343	81.805511	82.123741	82.118027	81.159569	82.308868	81.931778	81.852859	81.764923	82.764053	81.844116	81.698441	81.247437	82.950935	82.130402	82.137436	81.963913	83.336288	81.900757	81.920914	81.869263	82.082245	84.093513	82.061447	83.260918	82.942017	84.866844	81.941376	82.149399	82.014114	82.167435	82.912476	81.776604	82.855766	81.659843	82.150986	83.267746	82.690903	82.279053	83.547501	81.429138	81.567734	81.312775	81.386673	82.829605	81.502388	83.617569	84.365883	82.848358	82.102966	81.382431	84.332962	82.95726	81.513382	82.221542	80.27845	83.209656	81.798454	84.100403	82.223785	81.815475	82.029655	82.094917	82.87851	80.379654	82.17038	82.123932	81.873337	81.445351	81.971725	82.184784	81.750961	82.842361
81.554947	81.780472	100.0	87.821632	87.658966	82.764313	87.191193	89.004181	87.641434	87.581894	81.312805	88.324036	87.494019	87.53862	87.359894	82.674744	89.372513	88.580589	80.358185	82.997162	87.791687	87.655556	87.481346	81.465652	88.003998	87.372696	87.212067	88.340073	81.733749	85.214752	80.415558	83.018463	81.343575	87.16394	87.361359	88.729156	88.079193	82.804642	92.490479	82.836792	89.014992	88.216187	81.465881	82.472229	87.47229	81.740875	81.492355	88.97345	81.763176	81.663269	82.668991	81.752464	81.566391	81.65799	82.739891	87.975021	81.61161	80.91658	82.783348	88.521362	88.247208	79.760757	82.95108	87.07132	81.836082	88.160797	87.451546	87.558006	87.716576	82.751358	79.413177	88.45726	87.763725	88.301735	81.416702	87.592636	87.864914	91.302353	82.703941
81.942123	82.092232	87.821632	100.0	88.40657	83.019531	88.482903	87.506096	90.507324	90.207153	81.733032	89.111465	88.234879	88.305374	89.62867	82.938362	87.672951	87.288078	80.474945	83.092743	93.856956	90.473694	88.653397	81.721771	88.615799	89.752029	88.552414	88.769646	81.804016	85.421638	80.603317	83.131439	81.570557	88.907425	88.943481	87.775223	88.731659	83.004974	87.68808	83.092087	87.304413	88.822548	81.725487	82.513138	89.81102	82.018852	81.952881	87.190826	82.034149	82.110008	82.924706	82.263985	81.858139	81.844772	82.868713	88.715286	82.00959	81.189323	83.019928	87.117256	88.961304	80.077179	83.163437	88.209724	82.14122	88.926086	88.16748	88.707565	88.637871	82.976776	79.654724	88.830322	90.374954	88.496811	81.631699	88.391563	91.758736	87.762238	82.932602
81.698151	81.917252	87.658966	88.40657	100.0	82.768738	87.901909	87.163101	88.238144	88.394257	81.438812	89.146675	92.389114	92.434921	88.663162	82.621918	87.285065	86.892395	80.209381	82.867142	88.47438	88.259811	88.500793	81.635399	90.783127	88.106773	87.83992	89.063362	81.73204	85.388321	80.404335	82.906403	81.406418	88.016647	87.98172	87.782547	88.403633	82.778275	87.697708	82.763443	87.016724	89.895935	81.499741	82.377678	88.072746	81.934479	81.482422	86.922089	81.699142	81.700439	82.690552	81.815125	81.598984	81.65538	82.597137	88.470123	81.614029	80.930786	82.820793	86.735603	88.730682	79.773041	82.956207	88.074036	82.047668	88.412918	92.232666	88.192963	88.197784	82.777802	79.558067	89.111473	88.337219	88.597656	81.456451	92.415222	88.787354	87.637207	82.683472
82.838486	82.91024	82.764313	83.019531	82.768738	100.0	82.87265	82.821907	82.997589	82.933472	81.834969	83.278351	82.655853	82.762421	82.749405	90.424019	82.82312	82.720749	80.907852	91.711449	83.046021	83.046036	82.945023	82.719284	82.875732	82.953011	82.828064	83.130806	82.886665	82.684425	81.226974	88.055206	82.172348	82.894447	83.170288	83.038055	83.193382	91.262115	82.711945	91.229553	82.735382	83.085266	82.649521	87.114288	83.117966	83.216202	81.874443	82.550552	82.052475	82.018539	90.8255	82.244492	82.840317	83.041885	91.323586	82.899384	81.985687	81.750984	91.193451	82.539856	83.084351	80.088928	88.230927	82.665314	83.38031	83.130981	82.719711	83.093109	82.972115	91.107979	79.88945	82.976852	83.10701	82.878159	81.83197	82.801819	82.965935	82.797089	90.446373
81.814011	81.876343	87.191193	88.482903	87.901909	82.87265	100.0	87.04454	88.721207	88.67733	81.613968	89.858681	87.620224	87.695717	88.467438	82.676575	87.616524	86.854118	80.390152	82.921814	88.468353	88.678223	89.482666	81.604324	88.06974	88.541985	88.385544	89.445587	81.728722	85.323296	80.486221	82.874924	81.433304	88.58638	88.854584	87.435852	88.281471	82.622337	87.070251	82.770157	86.792007	88.236557	81.580688	82.363037	88.782333	82.008369	81.718964	86.826385	81.888596	81.987907	82.694252	81.995499	81.758102	81.559158	82.730576	87.865578	81.859406	81.034332	83.420471	86.575195	88.098259	79.840027	82.954292	89.023407	81.904327	88.563454	87.619247	91.126953	88.290497	82.784454	79.759567	89.094315	88.696518	87.754082	81.544128	87.787369	90.103455	87.165253	82.58007
81.542259	81.805511	89.004181	87.506096	87.163101	82.821907	87.04454	100.0	87.487839	87.432236	81.500381	87.947357	86.896454	86.944565	86.982727	82.818771	89.246033	90.899445	80.375748	82.914871	87.39917	87.644218	87.353714	81.436829	87.485397	89.412239	87.147018	87.690849	81.527802	85.045731	80.347137	83.013947	81.328812	87.160042	87.513748	88.155235	87.987595	82.819946	88.897324	82.839798	91.125046	87.519699	81.434265	82.41935	87.418823	81.80481	81.594994	91.038376	81.826752	81.765244	82.621277	81.845139	81.560257	81.548218	82.660797	87.48436	81.690712	80.904205	82.78717	88.954605	87.757248	79.962585	82.969116	86.890091	81.889221	87.936584	86.870346	87.334656	87.71447	82.806839	79.450272	87.751595	87.683853	87.697418	81.571075	87.044182	87.583885	88.881668	82.625793
81.83165	82.123741	87.641434	90.507324	88.238144	82.997589	88.721207	87.487839	100.0	91.888939	81.78006	89.016731	88.124283	88.124252	90.467133	82.788727	87.568329	87.354706	80.468346	83.06044	90.371933	90.719643	88.845245	81.679535	88.534554	90.127197	88.711914	88.653946	81.801079	85.447121	80.540665	83.047699	81.54245	88.955223	89.161652	87.727097	88.771263	82.862907	87.563446	82.999275	87.362099	88.629105	81.697411	82.468765	90.469284	82.048462	81.893211	87.179962	82.086426	82.07959	82.944794	82.214294	81.801437	81.795349	82.821182	88.375061	82.126526	81.042641	83.000832	87.161285	88.68811	79.926376	83.112434	88.405624	82.175644	89.128372	88.107407	88.809258	88.731331	82.942841	79.787537	88.612289	90.708954	88.31575	81.557907	88.312531	90.666855	87.561531	82.756844
81.822044	82.118027	87.581894	90.207153	88.394257	82.933472	88.67733	87.432236	91.888939	100.0	81.806122	89.013107	88.04821	88.128601	90.086288	82.861023	87.519493	87.275253	80.584656	83.113983	90.13459	90.755867	88.841904	81.76947	88.557175	90.506622	88.628174	88.648956	81.848831	85.418808	80.593605	83.15564	81.627892	88.826859	89.103981	87.791733	88.754593	82.985313	87.505753	82.936287	87.266373	88.730377	81.825806	82.526619	91.329346	82.121704	81.861221	87.126251	82.13176	82.047852	82.900848	82.247406	81.990448	81.846825	82.869995	88.274475	82.128006	81.154922	83.029358	87.039383	88.550797	80.039978	83.162125	88.327591	82.247589	89.21595	87.982849	88.927925	88.673042	82.950012	79.681137	88.672394	90.848549	88.308098	81.682121	88.522736	90.534538	87.515076	82.935715
80.705933	81.159569	81.312805	81.733032	81.438812	81.834969	81.613968	81.500381	81.78006	81.806122	100.0	81.833076	81.476318	81.390747	81.536606	81.709747	81.36171	81.42569	79.886139	81.86203	81.629616	81.870956	81.562973	80.619362	81.620209	81.764786	81.654778	81.769341	80.713196	81.417328	79.997269	81.854004	80.722954	81.787155	81.949203	81.580307	81.726379	81.687553	81.34581	81.70414	81.415031	81.699463	80.680862	81.240631	81.888123	80.879196	86.862289	81.333496	87.311752	87.466583	81.663116	87.432648	80.81694	80.79129	81.633545	81.610474	87.396034	80.294846	81.801476	81.254593	81.571487	79.798203	81.793022	81.431412	80.981918	81.800629	81.326706	81.72863	81.74511	81.763306	79.471977	81.675575	81.868622	81.428665	80.990814	81.401962	81.7229	81.448517	81.589569
81.999557	82.308868	88.324036	89.111465	89.146675	83.278351	89.858681	87.947357	89.016731	89.013107	81.833076	100.0	88.878265	88.952225	88.871666	83.147186	88.470444	87.668213	80.62706	83.344986	89.135696	89.298126	88.889191	81.910294	89.47049	88.784752	88.620712	90.939056	82.126137	85.961548	80.65802	83.4571	81.840744	88.778992	88.876305	88.791641	89.19809	83.131439	88.223083	83.38887	87.791214	89.792603	81.791092	82.858459	88.862396	82.244751	82.056595	87.697899	82.278099	82.168312	83.033241	82.330826	82.045822	81.978546	83.166412	89.236534	82.276802	81.228561	83.72876	87.363815	89.609718	80.072861	83.349098	88.603577	82.30806	89.767029	88.828094	88.836609	89.690826	83.221954	79.707809	90.50441	89.214905	89.444298	81.88372	89.038757	90.491165	88.26017	83.242447
81.587723	81.931778	87.494019	88.234879	92.389114	82.655853	87.620224	86.896454	88.124283	88.04821	81.476318	88.878265	100.0	94.742676	88.21888	82.590096	87.074051	86.681549	80.24099	82.839958	88.412254	88.134659	88.017303	81.422234	90.756317	87.78656	87.409683	88.659439	81.769234	85.064941	80.371597	82.870255	81.485657	87.687744	87.670959	87.706955	88.076729	82.66095	87.34967	82.681679	86.762924	89.858398	81.373428	82.375237	87.885185	81.780647	81.5522	86.755226	81.592247	81.620964	82.560944	81.742966	82.16748	81.611542	82.667587	88.446297	81.678513	80.900009	82.689606	86.434563	88.628098	79.696716	82.825638	87.875298	81.927979	88.324394	94.39299	88.019211	87.980682	82.731964	79.505402	88.779312	88.182266	88.638687	81.314949	93.940323	88.360001	87.397865	82.554703
81.661469	81.852859	87.53862	88.305374	92.434921	82.762421	87.695717	86.944565	88.124252	88.128601	81.390747	88.952225	94.742676	100.0	88.266785	82.508263	87.17215	86.721359	80.467712	82.872513	88.451752	88.10994	88.13205	81.554916	90.619705	87.890244	87.625778	88.771004	81.628525	85.122406	80.352417	83.026024	81.472488	87.84404	87.774956	87.721069	88.156174	82.744835	87.469742	82.698952	86.872009	89.940895	81.494293	82.398903	87.93692	81.894669	81.634659	86.727394	81.662582	81.736923	82.685204	81.758545	81.749924	81.696686	82.636635	88.420288	81.656418	80.846527	82.741714	86.591316	88.600571	79.733681	82.941788	87.746902	82.027275	88.36145	94.148331	88.082001	88.000748	82.801849	79.478653	88.861984	88.180634	88.62426	81.39431	94.228134	88.444336	87.442245	82.647133
81.630249	81.764923	87.359894	89.62867	88.663162	82.749405	88.467438	86.982727	90.467133	90.086288	81.536606	88.871666	88.21888	88.266785	100.0	82.584793	87.057938	86.804993	80.3741	82.78183	89.745201	89.676437	88.747887	81.521332	88.431068	89.595001	88.382675	88.420776	81.568672	85.273575	80.385284	82.694778	81.357697	88.710342	88.603149	87.390366	88.392914	82.692451	87.438797	82.632812	86.856186	88.533325	81.63549	82.080338	89.673782	81.90477	81.630829	86.863937	81.759483	81.784729	82.522217	81.811951	81.610275	81.582817	82.503662	87.933121	81.696243	80.981522	82.664139	86.550308	88.240036	79.67804	82.84996	88.361832	81.850952	88.510338	88.123558	88.746964	88.236816	82.650253	79.447182	88.433411	89.672943	87.953857	81.375282	88.309616	90.260681	87.278694	82.497932
82.71431	82.764053	82.674744	82.938362	82.621918	90.424019	82.676575	82.818771	82.788727	82.861023	81.709747	83.147186	82.590096	82.508263	82.584793	100.0	82.837791	82.591042	80.838844	90.274582	82.865028	82.807823	82.842255	82.61969	82.705986	82.828941	82.70932	82.8964	82.717117	82.537163	81.178375	87.635269	82.076843	82.735397	82.995071	82.844604	82.963181	90.054581	82.52623	90.675827	82.694473	82.907394	82.59346	86.584137	82.889435	82.995422	81.775681	82.477287	81.999832	81.956215	89.880096	82.043846	82.697052	82.927826	90.057098	82.703148	81.871582	81.583702	89.932083	82.44104	83.464577	80.137512	87.79377	82.502686	83.291267	83.017464	82.463852	82.811958	82.912971	89.983093	79.869682	82.858185	82.928917	82.637291	81.731476	82.601662	82.895798	82.762291	89.670258
81.535378	81.844116	89.372513	87.672951	87.285065	82.82312	87.616524	89.246033	87.568329	87.519493	81.36171	88.470444	87.074051	87.17215	87.057938	82.837791	100.0	88.757339	80.436272	82.960388	87.586212	87.694046	87.288864	81.544632	87.647652	87.367813	86.959366	88.329391	81.619469	85.135872	80.54747	83.023125	81.443314	87.129654	87.340157	88.443222	88.048584	82.817627	89.352722	82.966286	89.669952	87.776596	81.497131	82.528732	87.391586	81.84185	81.630157	89.536743	81.818573	81.709137	82.699112	81.877655	81.574615	81.600601	82.766167	87.817978	81.697708	80.852783	82.898621	88.59021	88.042618	79.937531	82.968338	86.885811	81.954361	88.11821	87.10022	87.556374	87.716949	82.775223	79.710289	88.370468	87.744324	87.967484	81.552536	87.181549	88.133789	89.339699	82.676743
81.443237	81.698441	88.580589	87.288078	86.892395	82.720749	86.854118	90.899445	87.354706	87.275253	81.42569	87.668213	86.681549	86.721359	86.804993	82.591042	88.757339	100.0	80.269234	82.743011	87.236725	87.463013	87.176514	81.43734	87.19487	89.257332	87.052765	87.436447	81.495743	84.820557	80.325294	82.943077	81.387848	86.926468	87.297775	87.795082	87.639191	82.609451	88.528534	82.700912	90.221878	87.383316	81.321533	82.206955	87.300117	81.706741	81.504471	90.017433	81.708435	81.682236	82.529648	81.786957	81.439316	81.488968	82.552231	87.245201	81.648109	80.854652	82.811302	91.766029	87.445526	79.666168	82.785583	86.710121	81.782974	87.744568	86.640305	87.164886	87.364838	82.603729	79.452721	87.396515	87.619614	87.335739	81.405746	86.791794	87.474121	88.515106	82.566376
80.716797	81.247437	80.358185	80.474945	80.209381	80.907852	80.390152	80.375748	80.468346	80.584656	79.886139	80.62706	80.24099	80.467712	80.3741	80.838844	80.436272	80.269234	100.0	80.779053	80.492279	80.548187	80.439514	80.616806	80.471466	80.420906	80.383987	80.436516	80.839218	80.45752	80.874298	80.784744	81.152206	80.415695	80.532104	80.474075	80.426132	80.846481	80.235245	80.950104	80.329376	80.544861	80.521851	80.778412	80.573563	80.668274	80.00322	80.257225	79.886887	79.995872	80.693069	79.977829	80.710678	81.001884	80.858505	80.45784	79.90699	80.868103	80.958961	80.131317	80.578514	79.108429	80.873749	80.334145	81.214973	80.471848	80.287262	80.428009	80.43985	80.883881	79.261917	80.637421	80.512695	80.311096	80.10276	80.353714	80.50769	80.452957	80.734985
83.024323	82.950935	82.997162	83.092743	82.867142	91.711449	82.921814	82.914871	83.06044	83.113983	81.86203	83.344986	82.839958	82.872513	82.78183	90.274582	82.960388	82.743011	80.779053	100.0	83.099533	83.211578	83.028839	82.938553	82.935104	83.017197	82.973053	83.205048	82.984406	82.751602	81.283363	88.062485	82.278793	83.044434	83.163528	82.995789	83.282379	92.064987	82.881378	90.958984	82.920212	83.195007	82.759277	87.106873	83.177773	83.151489	81.949539	82.698151	82.144714	82.051407	91.551651	82.18615	83.003548	83.176208	91.785309	82.992477	82.048714	81.837021	91.357605	82.575119	83.257797	80.27713	88.503143	82.835754	83.571503	83.309998	82.719254	83.040985	83.134483	91.275536	79.837151	83.160545	83.25827	82.912964	81.837402	82.775879	83.095871	82.943329	90.721313
81.896042	82.130402	87.791687	93.856956	88.47438	83.046021	88.468353	87.39917	90.371933	90.13459	81.629616	89.135696	88.412254	88.451752	89.745201	82.865028	87.586212	87.236725	80.492279	83.099533	100.0	90.468933	88.696548	81.706963	88.715988	89.793571	88.574982	88.72023	81.852165	85.449928	80.475983	83.154221	81.571121	89.000648	88.998779	87.77253	88.732368	82.924683	87.674088	82.983368	87.294861	88.975189	81.691895	82.625046	89.846054	82.095642	81.867271	87.19783	81.957458	82.086136	82.975937	82.262596	81.854065	81.854897	82.889481	88.870644	81.98027	81.0998	83.02137	87.184258	89.028839	79.930016	83.251495	88.335564	82.09301	88.905594	88.295166	88.785812	88.639854	83.009842	79.623909	88.835648	90.352188	88.527145	81.726944	88.671219	91.987007	87.752625	82.945557
81.778076	82.137436	87.655556	90.473694	88.259811	83.046036	88.678223	87.644218	90.719643	90.755867	81.870956	89.298126	88.134659	88.10994	89.676437	82.807823	87.694046	87.463013	80.548187	83.211578	90.468933	100.0	88.833473	81.749283	88.536484	90.485077	88.819435	88.686157	81.817474	85.439888	80.561722	83.337883	81.540718	89.121979	89.241974	87.822334	88.940521	83.070114	87.668457	83.008133	87.379883	88.804222	81.621002	82.537888	90.451385	81.998459	81.987411	87.333778	82.150757	82.147232	83.023041	82.23468	81.821243	81.740318	82.90921	88.55397	82.051407	81.105766	83.062988	87.243652	88.748383	80.048767	83.27301	88.340645	82.132034	89.167816	88.034241	88.87899	89.029663	83.045563	79.635818	88.787796	93.593536	88.444855	81.677902	88.242287	90.692413	87.638062	82.850143
81.764313	81.963913	87.481346	88.653397	88.500793	82.945023	89.482666	87.353714	88.845245	88.841904	81.562973	88.889191	88.017303	88.13205	88.747887	82.842255	87.288864	87.176514	80.439514	83.028839	88.696548	88.833473	100.0	81.597496	88.651154	88.767212	89.35009	88.483322	81.825409	85.47554	80.357162	83.025467	81.490242	89.119308	88.811111	87.754265	88.935944	82.911499	87.506332	82.95256	87.055618	88.828583	81.642326	82.417374	88.912865	81.906265	81.818138	86.97702	81.953674	81.963806	82.790741	81.958031	81.614433	81.589676	82.768402	88.263107	81.837601	80.975357	83.134827	86.977745	88.390549	79.97406	83.134277	91.242004	82.038651	88.669952	87.996536	90.11525	88.578827	82.978935	79.512558	88.646538	88.844368	88.226303	81.60527	88.112396	88.950516	87.348457	82.715759
88.377853	83.336288	81.465652	81.721771	81.635399	82.719284	81.604324	81.436829	81.679535	81.76947	80.619362	81.910294	81.422234	81.554916	81.521332	82.61969	81.544632	81.43734	80.616806	82.938553	81.706963	81.749283	81.597496	100.0	81.72702	81.593422	81.643959	81.666061	83.230087	81.580826	81.41568	82.758194	82.376862	81.632431	81.780731	81.722305	81.676895	82.64801	81.413757	82.715424	81.464081	81.800835	91.792755	82.636894	81.894211	88.268219	80.769775	81.296051	80.802582	80.790405	82.578979	80.7733	87.837738	83.784775	82.796051	81.605545	80.82135	82.066971	82.660172	81.134987	81.788834	79.525269	82.898026	81.534592	84.69857	81.772049	81.487038	81.803436	81.67765	82.65361	79.706261	81.695831	81.814278	81.564392	80.960709	81.572212	81.725464	81.526924	82.775497
81.850647	81.900757	88.003998	88.615799	90.783127	82.875732	88.06974	87.485397	88.534554	88.557175	81.620209	89.47049	90.756317	90.619705	88.431068	82.705986	87.647652	87.19487	80.471466	82.935104	88.715988	88.536484	88.651154	81.72702	100.0	88.269386	88.123611	89.382759	81.870621	85.592949	80.505234	83.058403	81.484612	88.284561	88.227875	88.138206	88.790138	82.821045	88.169846	82.856987	87.302521	89.949966	81.649879	82.571381	88.206696	81.993546	81.695152	87.219048	81.803909	81.835144	82.71183	81.950317	81.696266	81.952599	82.693832	88.711845	81.71315	81.090103	82.911911	87.096436	89.00943	79.759232	83.00737	88.064072	82.134872	88.703888	90.50325	88.418724	88.445152	82.869629	79.433022	89.41243	88.486404	89.315056	81.495331	90.677826	89.020889	87.963409	82.774513
81.668228	81.920914	87.372696	89.752029	88.106773	82.953011	88.541985	89.412239	90.127197	90.506622	81.764786	88.784752	87.78656	87.890244	89.595001	82.828941	87.367813	89.257332	80.420906	83.017197	89.793571	90.485077	88.767212	81.593422	88.269386	100.0	88.925919	88.322098	81.723602	85.296265	80.493675	83.038612	81.564697	89.028427	89.385468	87.607582	88.49791	82.952728	87.29071	82.940353	89.257233	88.492584	81.543289	82.389725	90.397141	81.986717	81.919708	89.043564	82.034424	82.045143	82.681221	82.096848	81.648285	81.643585	82.799484	88.102951	82.039154	80.98188	82.923553	86.953514	88.377007	80.005692	83.016167	88.27758	82.074615	88.800941	87.836548	88.772491	88.73497	82.863647	79.651779	88.373367	90.375641	88.087814	81.625366	87.906593	90.174911	87.3806	82.678917
81.844627	81.869263	87.212067	88.552414	87.83992	82.828064	88.385544	87.147018	88.711914	88.628174	81.654778	88.620712	87.409683	87.625778	88.382675	82.70932	86.959366	87.052765	80.383987	82.973053	88.574982	88.819435	89.35009	81.643959	88.123611	88.925919	100.0	88.035461	81.680374	85.240692	80.409317	82.931427	81.323868	90.040344	90.04007	87.507919	88.552322	82.748833	87.149719	82.847237	86.869446	88.342133	81.664825	82.290955	88.826263	81.828255	81.796692	86.819901	81.943283	81.93515	82.724854	82.128235	81.649445	81.489395	82.627426	87.928894	81.790131	80.999893	82.868225	87.020676	88.123367	79.834358	82.885742	88.374878	81.946014	88.723824	87.455086	88.578247	88.768158	82.79673	79.534889	88.289978	88.797073	87.893112	81.521591	87.655197	88.666718	87.171761	82.6772
81.886353	82.082245	88.340073	88.769646	89.063362	83.130806	89.445587	87.690849	88.653946	88.648956	81.769341	90.939056	88.659439	88.771004	88.420776	82.8964	88.329391	87.436447	80.436516	83.205048	88.72023	88.686157	88.483322	81.666061	89.382759	88.322098	88.035461	100.0	81.820328	85.800255	80.504501	83.144562	81.555962	88.147537	88.136993	88.40274	89.052948	83.020325	88.144096	83.09581	87.6278	89.482712	81.697372	82.659645	88.435349	82.062714	81.995743	87.476288	81.918304	81.988197	82.92086	82.083099	81.824524	81.775185	82.979507	89.341644	82.026604	81.102768	83.713821	87.060196	89.544365	79.867867	83.140961	88.108215	82.199738	89.188629	88.721512	88.506386	88.69297	83.03038	79.788528	95.545074	88.827896	89.211731	81.659943	88.801773	90.158974	88.243637	82.903053
83.309372	84.093513	81.733749	81.804016	81.73204	82.886665	81.728722	81.527802	81.801079	81.848831	80.713196	82.126137	81.769234	81.628525	81.568672	82.717117	81.619469	81.495743	80.839218	82.984406	81.852165	81.817474	81.825409	83.230087	81.870621	81.723602	81.680374	81.820328	100.0	82.009888	82.21933	82.92421	83.047577	81.765762	81.896881	81.811592	81.894638	82.913239	81.582253	82.826279	81.671661	81.908569	83.220398	82.80777	81.904884	83.485718	80.775993	81.427292	80.871506	80.996155	82.741638	80.976959	83.533249	84.285858	82.824036	81.845139	80.863113	83.11129	82.959442	81.40403	81.95887	79.551376	83.084503	81.582695	83.992188	81.908211	81.674866	81.732147	81.856522	82.921341	79.588173	81.949875	81.950302	81.773331	81.181877	81.583488	81.819786	81.616035	82.894585
81.698746	82.061447	85.214752	85.421638	85.388321	82.684425	85.323296	85.045731	85.447121	85.418808	81.417328	85.961548	85.064941	85.122406	85.273575	82.537163	85.135872	84.820557	80.45752	82.751602	85.449928	85.439888	85.47554	81.580826	85.592949	85.296265	85.240692	85.800255	82.009888	100.0	80.49884	82.856728	81.523254	85.285065	85.54808	85.513611	85.570702	82.679871	85.14119	82.724731	84.929672	85.661514	81.650635	82.372696	85.460182	82.053741	81.590462	84.880402	81.672371	81.550903	82.712685	81.63176	81.767029	81.724503	82.673958	85.44043	81.603149	81.062302	82.814667	84.911415	85.665428	79.631271	82.921097	85.167572	81.994484	85.618484	85.114487	85.491364	85.590263	82.668961	79.465012	85.774849	85.540695	85.318542	81.578171	85.179886	85.614975	85.236511	82.658813
81.497482	83.260918	80.415558	80.603317	80.404335	81.226974	80.486221	80.347137	80.540665	80.593605	79.997269	80.65802	80.371597	80.352417	80.385284	81.178375	80.54747	80.325294	80.874298	81.283363	80.475983	80.561722	80.357162	81.41568	80.505234	80.493675	80.409317	80.504501	82.21933	80.49884	100.0	81.332809	82.782852	80.465088	80.553986	80.58493	80.537811	81.21608	80.310715	81.252197	80.492294	80.66629	81.438049	81.23674	80.595673	81.551743	80.150375	80.20845	79.989838	80.103333	81.156792	79.92926	81.691658	82.64389	81.359329	80.576904	79.942337	82.682495	81.269279	80.300049	80.643372	79.255142	81.245712	80.311157	82.301605	80.556259	80.400818	80.560524	80.461639	81.166229	79.45388	80.605141	80.537079	80.447525	80.282753	80.496994	80.646515	80.384323	81.188141
83.000206	82.942017	83.018463	83.131439	82.906403	88.055206	82.874924	83.013947	83.047699	83.15564	81.854004	83.4571	82.870255	83.026024	82.694778	87.635269	83.023125	82.943077	80.784744	88.062485	83.154221	83.337883	83.025467	82.758194	83.058403	83.038612	82.931427	83.144562	82.92421	82.856728	81.332809	100.0	82.211357	83.03466	83.18647	83.144714	83.396004	87.92379	82.945435	87.738022	82.854828	83.219528	82.845604	87.062134	83.250267	83.280098	81.890915	82.733902	82.131172	82.103752	87.719147	82.161354	82.921051	83.114914	87.769363	83.10804	81.990265	81.848351	87.978439	82.797478	83.266922	80.147339	88.3293	82.823746	83.450928	83.368088	82.900459	83.04892	83.130821	87.832779	79.739822	83.112793	83.242935	83.001785	81.966232	82.916023	83.190392	83.07312	87.946175
82.205368	84.866844	81.343575	81.570557	81.406418	82.172348	81.433304	81.328812	81.54245	81.627892	80.722954	81.840744	81.485657	81.472488	81.357697	82.076843	81.443314	81.387848	81.152206	82.278793	81.571121	81.540718	81.490242	82.376862	81.484612	81.564697	81.323868	81.555962	83.047577	81.523254	82.782852	82.211357	100.0	81.570053	81.638168	81.623413	81.602051	82.163513	81.472473	82.200584	81.353676	81.772324	82.255707	82.199326	81.758652	82.396217	80.923386	81.19471	80.954758	81.083359	82.152618	81.080971	82.416878	83.649719	82.129585	81.555588	80.90889	84.292892	82.211174	81.046021	81.685623	79.808144	82.221527	81.293564	83.341446	81.67675	81.428619	81.545288	81.518883	82.129639	79.636612	81.667122	81.639954	81.295105	81.149033	81.529388	81.565811	81.428421	82.018578
81.772034	81.941376	87.16394	88.907425	88.016647	82.894447	88.58638	87.160042	88.955223	88.826859	81.787155	88.778992	87.687744	87.84404	88.710342	82.735397	87.129654	86.926468	80.415695	83.044434	89.000648	89.121979	89.119308	81.632431	88.284561	89.028427	90.040344	88.147537	81.765762	85.285065	80.465088	83.03466	81.570053	100.0	89.978203	87.656647	89.198654	82.867508	87.162979	82.94725	86.807724	88.43631	81.596817	82.484268	89.434494	81.944473	81.928429	86.700554	82.133369	82.066063	82.815903	82.160141	81.720688	81.591827	82.756927	88.096848	82.063896	80.992966	83.043884	86.921326	88.40094	80.008255	82.979805	88.479324	82.020905	88.70121	87.73465	88.896446	88.506104	82.974289	79.614548	88.270493	89.09523	88.006721	81.578171	87.944931	89.103928	87.229507	82.673523
82.006927	82.149399	87.361359	88.943481	87.98172	83.170288	88.854584	87.513748	89.161652	89.103981	81.949203	88.876305	87.670959	87.774956	88.603149	82.995071	87.340157	87.297775	80.532104	83.163528	88.998779	89.241974	88.811111	81.780731	88.227875	89.385468	90.04007	88.136993	81.896881	85.54808	80.553986	83.18647	81.638168	89.978203	100.0	87.750839	88.644852	83.167297	87.347603	83.016144	87.216232	88.433243	81.877426	82.516579	89.366714	82.128983	82.123871	87.086166	82.187805	82.219543	82.934799	82.18689	81.89077	81.726974	82.919037	88.137009	82.125114	81.129822	83.09761	86.9319	88.284058	80.093964	83.259598	88.494171	82.197083	89.033493	87.698875	89.09079	88.98642	82.958427	79.631012	88.388229	89.226135	88.025627	81.793015	87.860962	89.062958	87.384338	82.817703
81.69413	82.014114	88.729156	87.775223	87.782547	83.038055	87.435852	88.155235	87.727097	87.791733	81.580307	88.791641	87.706955	87.721069	87.390366	82.844604	88.443222	87.795082	80.474075	82.995789	87.77253	87.822334	87.754265	81.722305	88.138206	87.607582	87.507919	88.40274	81.811592	85.513611	80.58493	83.144714	81.623413	87.656647	87.750839	100.0	88.209106	82.950104	88.781952	82.930984	88.09819	88.34037	81.7659	82.59964	87.52755	82.050865	81.788925	88.010727	81.868546	81.928467	82.823517	81.979935	81.692665	81.764465	82.849579	88.041367	81.802567	81.265472	83.060509	87.583801	88.264847	79.845474	83.187645	87.464325	82.060341	88.274719	87.634796	87.6744	88.105255	82.99585	79.563416	88.390999	87.843437	88.332123	81.664993	87.75679	88.016922	88.786781	82.836792
81.861023	82.167435	88.079193	88.731659	88.403633	83.193382	88.281471	87.987595	88.771263	88.754593	81.726379	89.19809	88.076729	88.156174	88.392914	82.963181	88.048584	87.639191	80.426132	83.282379	88.732368	88.940521	88.935944	81.676895	88.790138	88.49791	88.552322	89.052948	81.894638	85.570702	80.537811	83.396004	81.602051	89.198654	88.644852	88.209106	100.0	83.148407	88.137543	83.158386	87.774055	88.939178	81.718437	82.77726	88.543198	82.013435	81.951973	87.673836	82.106827	82.014702	83.108383	82.160988	81.679794	81.757904	83.051971	88.709969	82.042641	81.050751	83.141571	87.559097	89.013962	79.91478	83.477036	88.058609	82.137543	89.621483	88.078705	88.861374	89.080399	83.057541	79.59024	89.135742	89.079468	88.987854	81.724609	88.220573	88.820389	88.077286	82.979324
82.794792	82.912476	82.804642	83.004974	82.778275	91.262115	82.622337	82.819946	82.862907	82.985313	81.687553	83.131439	82.66095	82.744835	82.692451	90.054581	82.817627	82.609451	80.846481	92.064987	82.924683	83.070114	82.911499	82.64801	82.821045	82.952728	82.748833	83.020325	82.913239	82.679871	81.21608	87.92379	82.163513	82.867508	83.167297	82.950104	83.148407	100.0	82.772453	91.027214	82.74575	83.130661	82.609512	87.010757	83.092148	83.013382	81.981949	82.569229	81.929291	81.977837	92.113808	82.032722	82.820343	82.904099	92.631538	82.913452	81.968964	81.630508	91.32914	82.448906	83.063103	80.22477	88.454453	82.474258	83.48439	83.116333	82.6521	82.943237	82.859924	90.764557	79.783783	82.961426	83.075653	82.764236	81.701843	82.622078	82.78791	82.818886	90.353287
81.454788	81.776604	92.490479	87.68808	87.697708	82.711945	87.070251	88.897324	87.563446	87.505753	81.34581	88.223083	87.34967	87.469742	87.438797	82.52623	89.352722	88.528534	80.235245	82.881378	87.674088	87.668457	87.506332	81.413757	88.169846	87.29071	87.149719	88.144096	81.582253	85.14119	80.310715	82.945435	81.472473	87.162979	87.347603	88.781952	88.137543	82.772453	100.0	82.761337	88.914337	88.203049	81.386658	82.272522	87.383087	81.695145	81.507988	88.854218	81.664932	81.669678	82.612747	81.708794	81.497375	81.539185	82.626862	87.930893	81.634155	80.871841	82.7659	88.477173	88.138245	79.683456	82.825119	87.064316	81.749802	88.015404	87.483139	87.514984	87.594368	82.659348	79.324371	88.173126	87.756012	88.281578	81.262497	87.58387	87.770325	90.967079	82.519424
82.945618	82.855766	82.836792	83.092087	82.763443	91.229553	82.770157	82.839798	82.999275	82.936287	81.70414	83.38887	82.681679	82.698952	82.632812	90.675827	82.966286	82.700912	80.950104	90.958984	82.983368	83.008133	82.95256	82.715424	82.856987	82.940353	82.847237	83.09581	82.826279	82.724731	81.252197	87.738022	82.200584	82.94725	83.016144	82.930984	83.158386	91.027214	82.761337	100.0	82.775818	83.053024	82.76059	86.775543	83.125778	83.062714	81.938171	82.602631	82.05365	82.135391	90.874847	82.071335	82.879173	83.076973	91.201355	82.988197	82.006264	81.639572	90.429199	82.446472	83.065002	80.254578	88.078743	82.664886	83.46907	83.292297	82.670776	82.954971	83.085205	90.540833	79.946396	82.99572	83.207344	82.806503	81.780258	82.634277	83.015015	82.921936	90.031357
81.469604	81.659843	89.014992	87.304413	87.016724	82.735382	86.792007	91.125046	87.362099	87.266373	81.415031	87.791214	86.762924	86.872009	86.856186	82.694473	89.669952	90.221878	80.329376	82.920212	87.294861	87.379883	87.055618	81.464081	87.302521	89.257233	86.869446	87.6278	81.671661	84.929672	80.492294	82.854828	81.353676	86.807724	87.216232	88.09819	87.774055	82.74575	88.914337	82.775818	100.0	87.523392	81.374039	82.330032	87.200134	81.783035	81.543358	93.130142	81.714638	81.693726	82.65477	81.763687	81.433006	81.53595	82.590027	87.377136	81.778236	80.929199	82.700806	88.31781	87.647491	79.708847	82.803391	86.567505	81.822586	87.84343	86.794403	87.147758	87.42894	82.657883	79.53019	87.675827	87.462746	87.633438	81.46228	86.95697	87.329933	89.057037	82.623489
81.832275	82.150986	88.216187	88.822548	89.895935	83.085266	88.236557	87.519699	88.629105	88.730377	81.699463	89.792603	89.858398	89.940895	88.533325	82.907394	87.776596	87.383316	80.544861	83.195007	88.975189	88.804222	88.828583	81.800835	89.949966	88.492584	88.342133	89.482712	81.908569	85.661514	80.66629	83.219528	81.772324	88.43631	88.433243	88.34037	88.939178	83.130661	88.203049	83.053024	87.523392	100.0	81.696236	82.762466	88.447433	82.029282	81.927742	87.503784	82.018112	82.010635	82.976547	82.132385	81.957054	81.958603	82.919937	89.101212	82.064651	81.143478	83.052551	87.175186	89.361801	79.800598	83.240402	88.351334	82.230843	88.878555	89.737846	88.59761	88.702034	82.982513	79.623665	89.512146	88.791718	89.138321	81.705711	89.986931	89.068703	88.117554	82.842934
88.16806	83.267746	81.465881	81.725487	81.499741	82.649521	81.580688	81.434265	81.697411	81.825806	80.680862	81.791092	81.373428	81.494293	81.63549	82.59346	81.497131	81.321533	80.521851	82.759277	81.691895	81.621002	81.642326	91.792755	81.649879	81.543289	81.664825	81.697372	83.220398	81.650635	81.438049	82.845604	82.255707	81.596817	81.877426	81.7659	81.718437	82.609512	81.386658	82.76059	81.374039	81.696236	100.0	82.701614	81.898499	88.155441	80.78653	81.12088	80.837059	80.87999	82.544739	80.857269	87.686325	83.59774	82.69165	81.63237	80.75235	82.077576	82.686707	81.133438	81.692398	79.698357	82.836716	81.486649	84.569923	81.843643	81.476364	81.854965	81.76178	82.747124	79.632271	81.669205	81.848343	81.483383	80.92804	81.511429	81.716202	81.514526	82.635254
83.031288	82.690903	82.472229	82.513138	82.377678	87.114288	82.363037	82.41935	82.468765	82.526619	81.240631	82.858459	82.375237	82.398903	82.080338	86.584137	82.528732	82.206955	80.778412	87.106873	82.625046	82.537888	82.417374	82.636894	82.571381	82.389725	82.290955	82.659645	82.80777	82.372696	81.23674	87.062134	82.199326	82.484268	82.516579	82.59964	82.77726	87.010757	82.272522	86.775543	82.330032	82.762466	82.701614	100.0	82.595642	83.119186	81.509735	82.246803	81.568817	81.51712	86.788956	81.584488	82.958542	83.244652	87.043831	82.574974	81.41127	81.740982	86.999649	82.020981	82.679482	80.037476	87.065018	82.194778	83.358849	82.78717	82.265808	82.485733	82.61969	86.980667	79.707809	82.697525	82.67041	82.478813	81.505249	82.42572	82.624062	82.50724	87.094124
81.905396	82.279053	87.47229	89.81102	88.072746	83.117966	88.782333	87.418823	90.469284	91.329346	81.888123	88.862396	87.885185	87.93692	89.673782	82.889435	87.391586	87.300117	80.573563	83.177773	89.846054	90.451385	88.912865	81.894211	88.206696	90.397141	88.826263	88.435349	81.904884	85.460182	80.595673	83.250267	81.758652	89.434494	89.366714	87.52755	88.543198	83.092148	87.383087	83.125778	87.200134	88.447433	81.898499	82.595642	100.0	82.146675	82.021286	87.107559	82.11557	82.300827	83.043381	82.404755	81.869553	81.838882	82.976059	88.131516	82.301407	81.150528	83.153099	87.062294	88.426132	80.21003	83.261696	88.481087	82.239349	88.843399	87.895966	88.972809	88.550812	83.084251	79.768562	88.473511	90.431053	87.930115	81.773926	88.069077	90.240005	87.40123	82.957283
91.840034	83.547501	81.740875	82.018852	81.934479	83.216202	82.008369	81.80481	82.048462	82.121704	80.879196	82.244751	81.780647	81.894669	81.90477	82.995422	81.84185	81.706741	80.668274	83.151489	82.095642	81.998459	81.906265	88.268219	81.993546	81.986717	81.828255	82.062714	83.485718	82.053741	81.551743	83.280098	82.396217	81.944473	82.128983	82.050865	82.013435	83.013382	81.695145	83.062714	81.783035	82.029282	88.155441	83.119186	82.146675	100.0	80.950943	81.569321	81.216309	81.243774	83.005814	81.129868	87.980789	83.925629	83.083466	81.823395	81.141418	82.197639	83.151741	81.489525	82.110916	79.733917	83.295876	81.856979	84.854584	82.194588	81.797684	82.084297	82.059937	83.165344	79.889038	82.105225	82.217949	81.940216	81.153099	81.855934	82.101425	81.925217	83.136543
80.932175	81.429138	81.492355	81.952881	81.482422	81.874443	81.718964	81.594994	81.893211	81.861221	86.862289	82.056595	81.5522	81.634659	81.630829	81.775681	81.630157	81.504471	80.00322	81.949539	81.867271	81.987411	81.818138	80.769775	81.695152	81.919708	81.796692	81.995743	80.775993	81.590462	80.150375	81.890915	80.923386	81.928429	82.123871	81.788925	81.951973	81.981949	81.507988	81.938171	81.543358	81.927742	80.78653	81.509735	82.021286	80.950943	100.0	81.429543	86.869415	88.816978	81.888199	87.138351	80.930328	80.878296	81.795609	81.83004	87.476471	80.416367	81.928268	81.287537	81.82016	79.814537	81.945496	81.531952	81.208038	82.056572	81.600662	81.823578	81.949326	81.80703	79.447922	81.837685	81.988464	81.627243	80.988297	81.596428	81.920792	81.660202	81.72628
81.234848	81.567734	88.97345	87.190826	86.922089	82.550552	86.826385	91.038376	87.179962	87.126251	81.333496	87.697899	86.755226	86.727394	86.863937	82.477287	89.536743	90.017433	80.257225	82.698151	87.19783	87.333778	86.97702	81.296051	87.219048	89.043564	86.819901	87.476288	81.427292	84.880402	80.20845	82.733902	81.19471	86.700554	87.086166	88.010727	87.673836	82.569229	88.854218	82.602631	93.130142	87.503784	81.12088	82.246803	87.107559	81.569321	81.429543	100.0	81.633911	81.657143	82.458351	81.685722	81.315521	81.386208	82.479416	87.358185	81.576141	80.759636	82.545578	88.258087	87.527847	79.702362	82.694527	86.525894	81.670181	87.717545	86.725128	87.086884	87.32431	82.432381	79.33448	87.611374	87.405518	87.606903	81.280197	86.868256	87.293091	89.074028	82.358696
80.918793	81.312775	81.763176	82.034149	81.699142	82.052475	81.888596	81.826752	82.086426	82.13176	87.311752	82.278099	81.592247	81.662582	81.759483	81.999832	81.818573	81.708435	79.886887	82.144714	81.957458	82.150757	81.953674	80.802582	81.803909	82.034424	81.943283	81.918304	80.871506	81.672371	79.989838	82.131172	80.954758	82.133369	82.187805	81.868546	82.106827	81.929291	81.664932	82.05365	81.714638	82.018112	80.837059	81.568817	82.11557	81.216309	86.869415	81.633911	100.0	87.713379	81.965576	89.396255	80.936028	80.875961	81.918686	82.015228	88.584656	80.377258	82.132187	81.493011	82.016556	79.955719	82.145203	81.73085	81.301941	82.151672	81.680466	81.950546	82.093567	82.039368	79.552277	81.959999	82.219162	81.755661	81.070732	81.787872	82.044998	81.880722	81.800636
80.868134	81.386673	81.663269	82.110008	81.700439	82.018539	81.987907	81.765244	82.07959	82.047852	87.466583	82.168312	81.620964	81.736923	81.784729	81.956215	81.709137	81.682236	79.995872	82.051407	82.086136	82.147232	81.963806	80.790405	81.835144	82.045143	81.93515	81.988197	80.996155	81.550903	80.103333	82.103752	81.083359	82.066063	82.219543	81.928467	82.014702	81.977837	81.669678	82.135391	81.693726	82.010635	80.87999	81.51712	82.300827	81.243774	88.816978	81.657143	87.713379	100.0	81.932846	88.086632	80.929932	80.961639	81.872765	81.905388	88.607529	80.531593	82.024734	81.408386	81.973221	79.934509	82.101372	81.669502	81.382904	82.180336	81.709641	82.019196	82.111099	82.009148	79.471924	81.945114	82.227547	81.770767	81.052696	81.751854	82.117554	81.730286	81.823479
82.802155	82.829605	82.668991	82.924706	82.690552	90.8255	82.694252	82.621277	82.944794	82.900848	81.663116	83.033241	82.560944	82.685204	82.522217	89.880096	82.699112	82.529648	80.693069	91.551651	82.975937	83.023041	82.790741	82.578979	82.71183	82.681221	82.724854	82.92086	82.741638	82.712685	81.156792	87.719147	82.152618	82.815903	82.934799	82.823517	83.108383	92.113808	82.612747	90.874847	82.65477	82.976547	82.544739	86.788956	83.043381	83.005814	81.888199	82.458351	81.965576	81.932846	100.0	81.957108	82.700165	82.97406	92.400589	82.797523	81.954147	81.655792	90.254013	82.426445	83.016792	80.085312	87.730919	82.602066	83.313736	83.130524	82.602341	82.897827	82.907227	90.63916	79.894592	82.946449	83.10112	82.683716	81.860931	82.601662	82.828125	82.750366	89.874924
80.845299	81.502388	81.752464	82.263985	81.815125	82.244492	81.995499	81.845139	82.214294	82.247406	87.432648	82.330826	81.742966	81.758545	81.811951	82.043846	81.877655	81.786957	79.977829	82.18615	82.262596	82.23468	81.958031	80.7733	81.950317	82.096848	82.128235	82.083099	80.976959	81.63176	79.92926	82.161354	81.080971	82.160141	82.18689	81.979935	82.160988	82.032722	81.708794	82.071335	81.763687	82.132385	80.857269	81.584488	82.404755	81.129868	87.138351	81.685722	89.396255	88.086632	81.957108	100.0	80.881683	80.906174	81.973282	82.045868	89.112411	80.348915	82.04509	81.545776	82.110489	80.009613	82.197342	81.746025	81.442772	82.358154	81.750427	82.060844	82.16922	81.976997	79.54274	82.068314	82.20787	81.888916	81.133331	81.835121	82.203796	81.791862	81.791763
88.358978	83.617569	81.566391	81.858139	81.598984	82.840317	81.758102	81.560257	81.801437	81.990448	80.81694	82.045822	82.16748	81.749924	81.610275	82.697052	81.574615	81.439316	80.710678	83.003548	81.854065	81.821243	81.614433	87.837738	81.696266	81.648285	81.649445	81.824524	83.533249	81.767029	81.691658	82.921051	82.416878	81.720688	81.89077	81.692665	81.679794	82.820343	81.497375	82.879173	81.433006	81.957054	87.686325	82.958542	81.869553	87.980789	80.930328	81.315521	80.936028	80.929932	82.700165	80.881683	100.0	84.109772	82.81926	81.8564	80.907631	82.188507	82.771057	81.231972	82.013824	79.590607	82.980957	82.231339	85.185242	81.939209	81.612007	81.782623	81.788086	82.725258	79.913216	81.828094	81.92144	81.671967	80.973495	81.739639	81.870132	81.579224	82.851723
83.75528	84.365883	81.65799	81.844772	81.65538	83.041885	81.559158	81.548218	81.795349	81.846825	80.79129	81.978546	81.611542	81.696686	81.582817	82.927826	81.600601	81.488968	81.001884	83.176208	81.854897	81.740318	81.589676	83.784775	81.952599	81.643585	81.489395	81.775185	84.285858	81.724503	82.64389	83.114914	83.649719	81.591827	81.726974	81.764465	81.757904	82.904099	81.539185	83.076973	81.53595	81.958603	83.59774	83.244652	81.838882	83.925629	80.878296	81.386208	80.875961	80.961639	82.97406	80.906174	84.109772	100.0	82.956345	81.750183	80.893982	83.40477	83.026077	81.294502	81.875748	79.616943	83.165375	81.365952	85.323624	81.831192	81.589188	81.717636	81.816269	82.875412	79.794014	81.786331	81.797424	81.785233	81.164764	81.594498	81.730637	81.63063	82.924118
82.801163	82.848358	82.739891	82.868713	82.597137	91.323586	82.730576	82.660797	82.821182	82.869995	81.633545	83.166412	82.667587	82.636635	82.503662	90.057098	82.766167	82.552231	80.858505	91.785309	82.889481	82.90921	82.768402	82.796051	82.693832	82.799484	82.627426	82.979507	82.824036	82.673958	81.359329	87.769363	82.129585	82.756927	82.919037	82.849579	83.051971	92.631538	82.626862	91.201355	82.590027	82.919937	82.69165	87.043831	82.976059	83.083466	81.795609	82.479416	81.918686	81.872765	92.400589	81.973282	82.81926	82.956345	100.0	82.850677	81.944916	81.700012	91.055588	82.3302	82.960266	80.244179	88.216125	82.593758	83.485809	83.134033	82.651047	82.935699	82.835648	91.048248	79.846825	83.047958	83.070076	82.642242	81.786758	82.683105	82.778168	82.664963	90.848549
81.719574	82.102966	87.975021	88.715286	88.470123	82.899384	87.865578	87.48436	88.375061	88.274475	81.610474	89.236534	88.446297	88.420288	87.933121	82.703148	87.817978	87.245201	80.45784	82.992477	88.870644	88.55397	88.263107	81.605545	88.711845	88.102951	87.928894	89.341644	81.845139	85.44043	80.576904	83.10804	81.555588	88.096848	88.137009	88.041367	88.709969	82.913452	87.930893	82.988197	87.377136	89.101212	81.63237	82.574974	88.131516	81.823395	81.83004	87.358185	82.015228	81.905388	82.797523	82.045868	81.8564	81.750183	82.850677	100.0	81.934967	81.074692	82.90937	87.0849	94.103874	79.749329	83.104828	87.792755	82.229744	88.769814	88.325974	88.110031	88.424271	82.952988	79.653473	89.364426	88.620438	88.993866	81.621902	88.496361	88.647842	88.044464	82.757584
80.887215	81.382431	81.61161	82.00959	81.614029	81.985687	81.859406	81.690712	82.126526	82.128006	87.396034	82.276802	81.678513	81.656418	81.696243	81.871582	81.697708	81.648109	79.90699	82.048714	81.98027	82.051407	81.837601	80.82135	81.71315	82.039154	81.790131	82.026604	80.863113	81.603149	79.942337	81.990265	80.90889	82.063896	82.125114	81.802567	82.042641	81.968964	81.634155	82.006264	81.778236	82.064651	80.75235	81.41127	82.301407	81.141418	87.476471	81.576141	88.584656	88.607529	81.954147	89.112411	80.907631	80.893982	81.944916	81.934967	100.0	80.249115	81.950775	81.427032	81.967316	80.058395	82.106644	81.600571	81.285294	82.183258	81.652145	82.011932	82.062019	81.988602	79.380173	82.028244	82.108253	81.715729	81.034058	81.72226	82.075287	81.822311	81.713142
82.057907	84.332962	80.91658	81.189323	80.930786	81.750984	81.034332	80.904205	81.042641	81.154922	80.294846	81.228561	80.900009	80.846527	80.981522	81.583702	80.852783	80.854652	80.868103	81.837021	81.0998	81.105766	80.975357	82.066971	81.090103	80.98188	80.999893	81.102768	83.11129	81.062302	82.682495	81.848351	84.292892	80.992966	81.129822	81.265472	81.050751	81.630508	80.871841	81.639572	80.929199	81.143478	82.077576	81.740982	81.150528	82.197639	80.416367	80.759636	80.377258	80.531593	81.655792	80.348915	82.188507	83.40477	81.700012	81.074692	80.249115	100.0	81.785645	80.681915	81.140167	79.396057	81.851807	80.89624	82.809212	81.207916	80.914284	80.965607	81.012054	81.740852	79.480522	81.10643	81.148872	80.966927	80.767059	80.920807	81.188324	80.939934	81.730942
82.9879	82.95726	82.783348	83.019928	82.820793	91.193451	83.420471	82.78717	83.000832	83.029358	81.801476	83.72876	82.689606	82.741714	82.664139	89.932083	82.898621	82.811302	80.958961	91.357605	83.02137	83.062988	83.134827	82.660172	82.911911	82.923553	82.868225	83.713821	82.959442	82.814667	81.269279	87.978439	82.211174	83.043884	83.09761	83.060509	83.141571	91.32914	82.7659	90.429199	82.700806	83.052551	82.686707	86.999649	83.153099	83.151741	81.928268	82.545578	82.132187	82.024734	90.254013	82.04509	82.771057	83.026077	91.055588	82.90937	81.950775	81.785645	100.0	82.646683	83.017113	80.143295	88.717873	82.742188	83.44873	83.150986	82.645645	83.001846	82.89856	94.481285	79.851089	83.134087	83.208466	82.71257	81.736588	82.668602	83.767227	82.814651	90.303848
81.21962	81.513382	88.521362	87.117256	86.735603	82.539856	86.575195	88.954605	87.161285	87.039383	81.254593	87.363815	86.434563	86.591316	86.550308	82.44104	88.59021	91.766029	80.131317	82.575119	87.184258	87.243652	86.977745	81.134987	87.096436	86.953514	87.020676	87.060196	81.40403	84.911415	80.300049	82.797478	81.046021	86.921326	86.9319	87.583801	87.559097	82.448906	88.477173	82.446472	88.31781	87.175186	81.133438	82.020981	87.062294	81.489525	81.287537	88.258087	81.493011	81.408386	82.426445	81.545776	81.231972	81.294502	82.3302	87.0849	81.427032	80.681915	82.646683	100.0	87.314125	79.568916	82.583939	86.434875	81.586624	87.450836	86.484619	86.83255	87.020737	82.511002	79.334587	87.176224	87.229576	87.215775	81.158157	86.571846	87.043976	88.336288	82.421585
81.876137	82.221542	88.247208	88.961304	88.730682	83.084351	88.098259	87.757248	88.68811	88.550797	81.571487	89.609718	88.628098	88.600571	88.240036	83.464577	88.042618	87.445526	80.578514	83.257797	89.028839	88.748383	88.390549	81.788834	89.00943	88.377007	88.123367	89.544365	81.95887	85.665428	80.643372	83.266922	81.685623	88.40094	88.284058	88.264847	89.013962	83.063103	88.138245	83.065002	87.647491	89.361801	81.692398	82.679482	88.426132	82.110916	81.82016	87.527847	82.016556	81.973221	83.016792	82.110489	82.013824	81.875748	82.960266	94.103874	81.967316	81.140167	83.017113	87.314125	100.0	79.891357	83.362404	87.959923	82.314728	89.017784	88.547157	88.372742	88.790619	83.084427	79.65773	89.618454	88.818054	89.302261	81.699539	88.774261	88.831543	88.281677	82.95871
79.691208	80.27845	79.760757	80.077179	79.773041	80.088928	79.840027	79.962585	79.926376	80.039978	79.798203	80.072861	79.696716	79.733681	79.67804	80.137512	79.937531	79.666168	79.108429	80.27713	79.930016	80.048767	79.97406	79.525269	79.759232	80.005692	79.834358	79.867867	79.551376	79.631271	79.255142	80.147339	79.808144	80.008255	80.093964	79.845474	79.91478	80.22477	79.683456	80.254578	79.708847	79.800598	79.698357	80.037476	80.21003	79.733917	79.814537	79.702362	79.955719	79.934509	80.085312	80.009613	79.590607	79.616943	80.244179	79.749329	80.058395	79.396057	80.143295	79.568916	79.891357	100.0	80.172958	79.882416	79.965942	79.935989	79.664062	79.989487	79.92131	80.029648	79.410454	79.992325	79.981705	79.704926	79.583733	79.748489	79.959183	79.917213	79.974594
83.160675	83.209656	82.95108	83.163437	82.956207	88.230927	82.954292	82.969116	83.112434	83.162125	81.793022	83.349098	82.825638	82.941788	82.84996	87.79377	82.968338	82.785583	80.873749	88.503143	83.251495	83.27301	83.134277	82.898026	83.00737	83.016167	82.885742	83.140961	83.084503	82.921097	81.245712	88.3293	82.221527	82.979805	83.259598	83.187645	83.477036	88.454453	82.825119	88.078743	82.803391	83.240402	82.836716	87.065018	83.261696	83.295876	81.945496	82.694527	82.145203	82.101372	87.730919	82.197342	82.980957	83.165375	88.216125	83.104828	82.106644	81.851807	88.717873	82.583939	83.362404	80.172958	100.0	82.870239	83.496368	83.366341	82.829956	83.156479	83.087799	88.046402	79.935028	83.049408	83.257919	82.929527	81.80246	82.874649	83.132111	82.936737	88.021233
81.661591	81.798454	87.07132	88.209724	88.074036	82.665314	89.023407	86.890091	88.405624	88.327591	81.431412	88.603577	87.875298	87.746902	88.361832	82.502686	86.885811	86.710121	80.334145	82.835754	88.335564	88.340645	91.242004	81.534592	88.064072	88.27758	88.374878	88.108215	81.582695	85.167572	80.311157	82.823746	81.293564	88.479324	88.494171	87.464325	88.058609	82.474258	87.064316	82.664886	86.567505	88.351334	81.486649	82.194778	88.481087	81.856979	81.531952	86.525894	81.73085	81.669502	82.602066	81.746025	82.231339	81.365952	82.593758	87.792755	81.600571	80.89624	82.742188	86.434875	87.959923	79.882416	82.870239	100.0	81.763519	88.214951	87.603302	89.556564	88.016617	82.762848	79.246002	88.229912	88.320221	87.725304	81.488724	87.810204	88.579948	87.023613	82.50975
84.679123	84.100403	81.836082	82.14122	82.047668	83.38031	81.904327	81.889221	82.175644	82.247589	80.981918	82.30806	81.927979	82.027275	81.850952	83.291267	81.954361	81.782974	81.214973	83.571503	82.09301	82.132034	82.038651	84.69857	82.134872	82.074615	81.946014	82.199738	83.992188	81.994484	82.301605	83.450928	83.341446	82.020905	82.197083	82.060341	82.137543	83.48439	81.749802	83.46907	81.822586	82.230843	84.569923	83.358849	82.239349	84.854584	81.208038	81.670181	81.301941	81.382904	83.313736	81.442772	85.185242	85.323624	83.485809	82.229744	81.285294	82.809212	83.44873	81.586624	82.314728	79.965942	83.496368	81.763519	100.0	82.19223	81.882828	82.145599	82.117287	83.493576	80.189629	82.309036	82.193466	82.014572	81.208221	81.928055	82.131554	81.87114	83.363525
81.837418	82.223785	88.160797	88.926086	88.412918	83.130981	88.563454	87.936584	89.128372	89.21595	81.800629	89.767029	88.324394	88.36145	88.510338	83.017464	88.11821	87.744568	80.471848	83.309998	88.905594	89.167816	88.669952	81.772049	88.703888	88.800941	88.723824	89.188629	81.908211	85.618484	80.556259	83.368088	81.67675	88.70121	89.033493	88.274719	89.621483	83.116333	88.015404	83.292297	87.84343	88.878555	81.843643	82.78717	88.843399	82.194588	82.056572	87.717545	82.151672	82.180336	83.130524	82.358154	81.939209	81.831192	83.134033	88.769814	82.183258	81.207916	83.150986	87.450836	89.017784	79.935989	83.366341	88.214951	82.19223	100.0	88.239243	88.776199	90.334473	83.116714	79.943214	89.222488	89.380325	89.066238	81.846954	88.391006	89.115906	88.073158	83.03791
81.644562	81.815475	87.451546	88.16748	92.232666	82.719711	87.619247	86.870346	88.107407	87.982849	81.326706	88.828094	94.39299	94.148331	88.123558	82.463852	87.10022	86.640305	80.287262	82.719254	88.295166	88.034241	87.996536	81.487038	90.50325	87.836548	87.455086	88.721512	81.674866	85.114487	80.400818	82.900459	81.428619	87.73465	87.698875	87.634796	88.078705	82.6521	87.483139	82.670776	86.794403	89.737846	81.476364	82.265808	87.895966	81.797684	81.600662	86.725128	81.680466	81.709641	82.602341	81.750427	81.612007	81.589188	82.651047	88.325974	81.652145	80.914284	82.645645	86.484619	88.547157	79.664062	82.829956	87.603302	81.882828	88.239243	100.0	87.982712	87.955002	82.603256	79.498032	88.791214	88.112534	88.486427	81.420975	94.144897	88.279449	87.393417	82.509888
81.776802	82.029655	87.558006	88.707565	88.192963	83.093109	91.126953	87.334656	88.809258	88.927925	81.72863	88.836609	88.019211	88.082001	88.746964	82.811958	87.556374	87.164886	80.428009	83.040985	88.785812	88.87899	90.11525	81.803436	88.418724	88.772491	88.578247	88.506386	81.732147	85.491364	80.560524	83.04892	81.545288	88.896446	89.09079	87.6744	88.861374	82.943237	87.514984	82.954971	87.147758	88.59761	81.854965	82.485733	88.972809	82.084297	81.823578	87.086884	81.950546	82.019196	82.897827	82.060844	81.782623	81.717636	82.935699	88.110031	82.011932	80.965607	83.001846	86.83255	88.372742	79.989487	83.156479	89.556564	82.145599	88.776199	87.982712	100.0	88.477486	83.009521	79.633575	88.722031	88.831871	88.061691	81.601295	88.169563	89.189423	87.46521	82.783081
81.758728	82.094917	87.716576	88.637871	88.197784	82.972115	88.290497	87.71447	88.731331	88.673042	81.74511	89.690826	87.980682	88.000748	88.236816	82.912971	87.716949	87.364838	80.43985	83.134483	88.639854	89.029663	88.578827	81.67765	88.445152	88.73497	88.768158	88.69297	81.856522	85.590263	80.461639	83.130821	81.518883	88.506104	88.98642	88.105255	89.080399	82.859924	87.594368	83.085205	87.42894	88.702034	81.76178	82.61969	88.550812	82.059937	81.949326	87.32431	82.093567	82.111099	82.907227	82.16922	81.788086	81.816269	82.835648	88.424271	82.062019	81.012054	82.89856	87.020737	88.790619	79.92131	83.087799	88.016617	82.117287	90.334473	87.955002	88.477486	100.0	82.899948	79.619438	88.80571	89.037277	88.732208	81.622635	88.020767	88.849823	87.68428	82.800529
82.87661	82.87851	82.751358	82.976776	82.777802	91.107979	82.784454	82.806839	82.942841	82.950012	81.763306	83.221954	82.731964	82.801849	82.650253	89.983093	82.775223	82.603729	80.883881	91.275536	83.009842	83.045563	82.978935	82.65361	82.869629	82.863647	82.79673	83.03038	82.921341	82.668961	81.166229	87.832779	82.129639	82.974289	82.958427	82.99585	83.057541	90.764557	82.659348	90.540833	82.657883	82.982513	82.747124	86.980667	83.084251	83.165344	81.80703	82.432381	82.039368	82.009148	90.63916	81.976997	82.725258	82.875412	91.048248	82.952988	81.988602	81.740852	94.481285	82.511002	83.084427	80.029648	88.046402	82.762848	83.493576	83.116714	82.603256	83.009521	82.899948	100.0	79.852844	82.939674	83.159798	82.721085	81.639587	82.671326	82.96817	82.786499	90.238586
79.688965	80.379654	79.413177	79.654724	79.558067	79.88945	79.759567	79.450272	79.787537	79.681137	79.471977	79.707809	79.505402	79.478653	79.447182	79.869682	79.710289	79.452721	79.261917	79.837151	79.623909	79.635818	79.512558	79.706261	79.433022	79.651779	79.534889	79.788528	79.588173	79.465012	79.45388	79.739822	79.636612	79.614548	79.631012	79.563416	79.59024	79.783783	79.324371	79.946396	79.53019	79.623665	79.632271	79.707809	79.768562	79.889038	79.447922	79.33448	79.552277	79.471924	79.894592	79.54274	79.913216	79.794014	79.846825	79.653473	79.380173	79.480522	79.851089	79.334587	79.65773	79.410454	79.935028	79.246002	80.189629	79.943214	79.498032	79.633575	79.619438	79.852844	100.0	79.690979	79.699844	79.564117	79.068527	79.414398	79.664925	79.595688	79.789291
81.798645	82.17038	88.45726	88.830322	89.111473	82.976852	89.094315	87.751595	88.612289	88.672394	81.675575	90.50441	88.779312	88.861984	88.433411	82.858185	88.370468	87.396515	80.637421	83.160545	88.835648	88.787796	88.646538	81.695831	89.41243	88.373367	88.289978	95.545074	81.949875	85.774849	80.605141	83.112793	81.667122	88.270493	88.388229	88.390999	89.135742	82.961426	88.173126	82.99572	87.675827	89.512146	81.669205	82.697525	88.473511	82.105225	81.837685	87.611374	81.959999	81.945114	82.946449	82.068314	81.828094	81.786331	83.047958	89.364426	82.028244	81.10643	83.134087	87.176224	89.618454	79.992325	83.049408	88.229912	82.309036	89.222488	88.791214	88.722031	88.80571	82.939674	79.690979	100.0	88.905502	89.413834	81.666168	88.99662	90.031281	88.32476	82.916138
81.79306	82.123932	87.763725	90.374954	88.337219	83.10701	88.696518	87.683853	90.708954	90.848549	81.868622	89.214905	88.182266	88.180634	89.672943	82.928917	87.744324	87.619614	80.512695	83.25827	90.352188	93.593536	88.844368	81.814278	88.486404	90.375641	88.797073	88.827896	81.950302	85.540695	80.537079	83.242935	81.639954	89.09523	89.226135	87.843437	89.079468	83.075653	87.756012	83.207344	87.462746	88.791718	81.848343	82.67041	90.431053	82.217949	81.988464	87.405518	82.219162	82.227547	83.10112	82.20787	81.92144	81.797424	83.070076	88.620438	82.108253	81.148872	83.208466	87.229576	88.818054	79.981705	83.257919	88.320221	82.193466	89.380325	88.112534	88.831871	89.037277	83.159798	79.699844	88.905502	100.0	88.483551	81.815231	88.349335	90.785233	87.683365	82.98703
81.59758	81.873337	88.301735	88.496811	88.597656	82.878159	87.754082	87.697418	88.31575	88.308098	81.428665	89.444298	88.638687	88.62426	87.953857	82.637291	87.967484	87.335739	80.311096	82.912964	88.527145	88.444855	88.226303	81.564392	89.315056	88.087814	87.893112	89.211731	81.773331	85.318542	80.447525	83.001785	81.295105	88.006721	88.025627	88.332123	88.987854	82.764236	88.281578	82.806503	87.633438	89.138321	81.483383	82.478813	87.930115	81.940216	81.627243	87.606903	81.755661	81.770767	82.683716	81.888916	81.671967	81.785233	82.642242	88.993866	81.715729	80.966927	82.71257	87.215775	89.302261	79.704926	82.929527	87.725304	82.014572	89.066238	88.486427	88.061691	88.732208	82.721085	79.564117	89.413834	88.483551	100.0	81.35791	88.684586	88.615829	88.422989	82.678627
81.02478	81.445351	81.416702	81.631699	81.456451	81.83197	81.544128	81.571075	81.557907	81.682121	80.990814	81.88372	81.314949	81.39431	81.375282	81.731476	81.552536	81.405746	80.10276	81.837402	81.726944	81.677902	81.60527	80.960709	81.495331	81.625366	81.521591	81.659943	81.181877	81.578171	80.282753	81.966232	81.149033	81.578171	81.793015	81.664993	81.724609	81.701843	81.262497	81.780258	81.46228	81.705711	80.92804	81.505249	81.773926	81.153099	80.988297	81.280197	81.070732	81.052696	81.860931	81.133331	80.973495	81.164764	81.786758	81.621902	81.034058	80.767059	81.736588	81.158157	81.699539	79.583733	81.80246	81.488724	81.208221	81.846954	81.420975	81.601295	81.622635	81.639587	79.068527	81.666168	81.815231	81.35791	100.0	81.344269	81.754028	81.37439	81.64418
81.582726	81.971725	87.592636	88.391563	92.415222	82.801819	87.787369	87.044182	88.312531	88.522736	81.401962	89.038757	93.940323	94.228134	88.309616	82.601662	87.181549	86.791794	80.353714	82.775879	88.671219	88.242287	88.112396	81.572212	90.677826	87.906593	87.655197	88.801773	81.583488	85.179886	80.496994	82.916023	81.529388	87.944931	87.860962	87.75679	88.220573	82.622078	87.58387	82.634277	86.95697	89.986931	81.511429	82.42572	88.069077	81.855934	81.596428	86.868256	81.787872	81.751854	82.601662	81.835121	81.739639	81.594498	82.683105	88.496361	81.72226	80.920807	82.668602	86.571846	88.774261	79.748489	82.874649	87.810204	81.928055	88.391006	94.144897	88.169563	88.020767	82.671326	79.414398	88.99662	88.349335	88.684586	81.344269	100.0	88.591721	87.601112	82.632065
81.852715	82.184784	87.864914	91.758736	88.787354	82.965935	90.103455	87.583885	90.666855	90.534538	81.7229	90.491165	88.360001	88.444336	90.260681	82.895798	88.133789	87.474121	80.50769	83.095871	91.987007	90.692413	88.950516	81.725464	89.020889	90.174911	88.666718	90.158974	81.819786	85.614975	80.646515	83.190392	81.565811	89.103928	89.062958	88.016922	88.820389	82.78791	87.770325	83.015015	87.329933	89.068703	81.716202	82.624062	90.240005	82.101425	81.920792	87.293091	82.044998	82.117554	82.828125	82.203796	81.870132	81.730637	82.778168	88.647842	82.075287	81.188324	83.767227	87.043976	88.831543	79.959183	83.132111	88.579948	82.131554	89.115906	88.279449	89.189423	88.849823	82.96817	79.664925	90.031281	90.785233	88.615829	81.754028	88.591721	100.0	87.764267	82.847198
81.523521	81.750961	91.302353	87.762238	87.637207	82.797089	87.165253	88.881668	87.561531	87.515076	81.448517	88.26017	87.397865	87.442245	87.278694	82.762291	89.339699	88.515106	80.452957	82.943329	87.752625	87.638062	87.348457	81.526924	87.963409	87.3806	87.171761	88.243637	81.616035	85.236511	80.384323	83.07312	81.428421	87.229507	87.384338	88.786781	88.077286	82.818886	90.967079	82.921936	89.057037	88.117554	81.514526	82.50724	87.40123	81.925217	81.660202	89.074028	81.880722	81.730286	82.750366	81.791862	81.579224	81.63063	82.664963	88.044464	81.822311	80.939934	82.814651	88.336288	88.281677	79.917213	82.936737	87.023613	81.87114	88.073158	87.393417	87.46521	87.68428	82.786499	79.595688	88.32476	87.683365	88.422989	81.37439	87.601112	87.764267	100.0	82.710114
82.827591	82.842361	82.703941	82.932602	82.683472	90.446373	82.58007	82.625793	82.756844	82.935715	81.589569	83.242447	82.554703	82.647133	82.497932	89.670258	82.676743	82.566376	80.734985	90.721313	82.945557	82.850143	82.715759	82.775497	82.774513	82.678917	82.6772	82.903053	82.894585	82.658813	81.188141	87.946175	82.018578	82.673523	82.817703	82.836792	82.979324	90.353287	82.519424	90.031357	82.623489	82.842934	82.635254	87.094124	82.957283	83.136543	81.72628	82.358696	81.800636	81.823479	89.874924	81.791763	82.851723	82.924118	90.848549	82.757584	81.713142	81.730942	90.303848	82.421585	82.95871	79.974594	88.021233	82.50975	83.363525	83.03791	82.509888	82.783081	82.800529	90.238586	79.789291	82.916138	82.98703	82.678627	81.64418	82.632065	82.847198	82.710114	100.0
