164546.48	164546.53	164546.31	164546.19	164546.15	164546.43	164546.37	164546.36	164546.21	164546.38	164546.41	164546.29	164546.46	164546.23	164546.51	164546.22	164546.26	164546.24	164546.7	164546.45	164546.14	164546.47	164546.39	164546.35	164546.34	164546.33	164546.61	164546.49	164546.50	164546.44	164546.52	164546.20	164546.25	164546.30	164546.54	164546.40	164546.17	1796606.3	106590.8	106590.24	381666.45	381666.6	106590.28	106590.25	1478019.3	1042878.5	1304882.4	96344.8	96344.9	96344.12	96344.11	2608999.4	82541.48	82541.47	82541.46	82541.19	82541.45	1267562.4	82541.43	82541.44	2771360.3	82541.39	2003588.3	119219.46	1218106.3	119219.14	2003587.3	119219.17	119219.51	119219.44	266264.9	876364.3	1389192.3	367825.3	82633.33	1873897.3	82633.34	82633.13	942865.3	942865.4	1855314.3	1855313.3	151783.39	151783.34	1855315.3	82633.11	2839983.3	82633.39	248026.4	264198.6	2871157.10	68895.9	68895.5
100.0	99.134262	99.194077	99.182571	99.178192	99.185158	99.199097	99.165131	99.220764	99.171539	99.200714	99.234718	99.24408	93.00148	93.016205	92.979355	92.982391	93.005478	93.037598	93.074173	93.052757	94.2967	94.180115	94.232803	94.234039	94.204056	93.601479	93.675873	93.607025	93.704613	93.619934	93.616905	93.580643	93.657745	93.660812	94.465515	93.841873	93.831787	89.626236	89.479034	89.504044	89.472038	89.210381	89.217056	89.362762	89.350098	88.22644	88.323494	88.513321	88.673447	88.673386	84.111954	83.913155	83.917229	83.996986	83.900085	83.877762	83.924347	83.961288	83.947861	83.977585	83.905838	82.43605	82.566132	82.422256	82.46402	82.469147	82.476814	82.493042	82.399025	82.407944	83.75209	83.839157	83.872406	82.509491	82.422699	82.500854	82.522072	82.119644	82.085175	83.719803	83.677338	83.788734	83.607681	83.269051	84.030777	83.697342	83.200134	84.724121	84.701813	82.888474	84.730804	83.215797
99.134262	100.0	99.918564	99.934418	99.916382	99.936455	99.915924	99.921059	99.970123	99.910194	99.596542	99.505371	99.509171	93.627014	93.582458	93.461411	93.384995	93.395821	93.882034	93.765701	93.68782	94.737473	94.049164	94.073364	94.063507	94.086014	94.314545	94.107941	93.574394	94.306358	94.377533	94.235886	94.237663	94.304184	94.454994	94.401993	94.390137	93.775635	89.669449	89.592926	89.552002	89.599808	89.377258	89.362061	89.392349	89.374008	88.160507	88.374802	88.607979	88.751724	88.702728	84.133392	83.90419	83.989861	84.01413	83.9552	83.879547	83.99173	83.908783	83.892937	84.038925	84.053886	82.421814	82.573357	82.456741	82.445755	82.444016	82.559494	82.449631	82.380112	82.459641	83.824615	83.844147	83.841309	82.551857	82.431076	82.499588	82.560722	82.157555	82.091095	83.740982	83.769165	83.787415	83.753517	83.256134	84.052444	83.657288	83.240646	84.660957	84.718414	82.824554	84.764679	83.252975
99.194077	99.918564	100.0	99.955566	99.953033	99.958618	99.970856	99.975754	99.959167	99.976166	99.628532	99.563011	99.552254	93.644318	93.42662	93.437927	93.432465	93.437027	93.690796	93.687057	93.669113	94.780334	94.13559	94.148529	94.143677	94.158813	94.132812	94.152924	93.595596	94.307297	94.227058	94.300674	94.274887	94.353493	94.2491	94.430557	94.402695	93.738899	89.669357	89.546402	89.554977	89.542542	89.332108	89.350319	89.378448	89.409637	88.243958	88.459717	88.652115	88.792313	88.736313	84.064598	83.805222	83.826599	83.900604	83.915268	83.888824	83.830902	83.926346	83.902946	83.895645	83.977753	82.439018	82.508583	82.420586	82.478043	82.476662	82.540436	82.473	82.392899	82.45681	83.802612	83.867203	83.838943	82.535393	82.379669	82.518204	82.519218	82.15052	82.155914	83.700043	83.715546	83.755844	83.722641	83.26738	84.067673	83.754684	83.245468	84.648926	84.661575	82.854546	84.715973	83.279251
99.182571	99.934418	99.955566	100.0	99.970123	99.972588	99.958771	99.962799	99.977844	99.962143	99.639832	99.563843	99.561012	93.608994	93.417694	93.421234	93.425972	93.440796	93.695824	93.7146	93.72052	94.774414	94.146423	94.162506	94.149551	94.134331	94.210602	94.126259	93.600151	94.334656	94.22213	94.283173	94.307556	94.379303	94.264297	94.416321	94.341858	93.747818	89.656433	89.581909	89.580841	89.632111	89.303986	89.290924	89.371841	89.384697	88.193207	88.403168	88.564812	88.747559	88.751648	84.1091	83.854012	83.965324	83.971359	83.97699	83.895981	83.942131	83.985413	83.944939	84.010223	84.03891	82.419243	82.5103	82.390396	82.418785	82.417656	82.427017	82.44957	82.349213	82.379379	83.799377	83.848465	83.87326	82.548477	82.402237	82.530991	82.5177	82.168579	82.155869	83.732925	83.776093	83.797256	83.720169	83.281418	84.01622	83.691437	83.216522	84.692047	84.727188	82.810112	84.762192	83.24646
99.178192	99.916382	99.953033	99.970123	100.0	99.958267	99.960953	99.961555	99.971001	99.964989	99.650467	99.558258	99.55423	93.592667	93.370712	93.428513	93.447113	93.431602	93.67688	93.718605	93.723801	94.740349	94.109329	94.07933	94.099129	94.103073	94.155373	94.154068	93.602356	94.294975	94.188545	94.241943	94.264236	94.343063	94.24604	94.441528	94.413971	93.774521	89.642319	89.589447	89.574448	89.600777	89.346855	89.313583	89.387207	89.402939	88.254379	88.389908	88.562805	88.676376	88.730057	84.102943	83.888031	83.873802	83.980728	83.929337	83.84951	83.94046	83.898926	83.91655	83.900864	84.011917	82.468597	82.550926	82.468483	82.48912	82.47818	82.488342	82.443016	82.371201	82.435608	83.84922	83.888855	83.825882	82.530891	82.388672	82.473938	82.537498	82.126335	82.144684	83.749611	83.730667	83.755447	83.676666	83.271904	84.032791	83.727409	83.27684	84.649612	84.716782	82.812515	84.69696	83.262558
99.185158	99.936455	99.958618	99.972588	99.958267	100.0	99.954391	99.958549	99.972198	99.958496	99.620071	99.538437	99.546188	93.605728	93.356155	93.388817	93.397774	93.380585	93.668503	93.687447	93.70903	94.746063	94.121674	94.121368	94.131683	94.134071	94.158295	94.127846	93.586319	94.318367	94.212196	94.244873	94.245102	94.373367	94.261261	94.433723	94.37735	93.804016	89.65509	89.535645	89.55899	89.577606	89.353592	89.296303	89.326195	89.351501	88.248032	88.430176	88.575027	88.72702	88.724648	84.082542	83.878044	83.930847	83.993073	83.903259	83.843483	83.984253	83.921333	83.958611	83.955841	83.993942	82.484497	82.576141	82.412476	82.46328	82.455284	82.487473	82.465897	82.423981	82.398689	83.84935	83.862442	83.921082	82.527168	82.375259	82.521179	82.560272	82.172676	82.134354	83.715179	83.761246	83.778114	83.705276	83.26593	84.067245	83.779175	83.210922	84.701607	84.703407	82.784424	84.693573	83.22049
99.199097	99.915924	99.970856	99.958771	99.960953	99.954391	100.0	99.978668	99.960815	99.975128	99.641624	99.558136	99.553146	93.628082	93.436523	93.450905	93.445145	93.454407	93.691772	93.706696	93.693939	94.762451	94.137833	94.148621	94.146698	94.14521	94.176132	94.142517	93.607307	94.312973	94.251465	94.286392	94.282532	94.355324	94.251709	94.417236	94.39711	93.726837	89.690247	89.579628	89.577866	89.575859	89.31958	89.379517	89.329979	89.343582	88.231323	88.437119	88.622116	88.803528	88.717773	84.06871	83.886505	83.978035	84.005013	83.990601	83.870659	83.975922	83.944504	83.959106	84.011841	84.028374	82.489441	82.532692	82.41304	82.462112	82.463432	82.462601	82.501244	82.371872	82.420242	83.849091	83.830406	83.849655	82.497711	82.371468	82.461304	82.500893	82.10173	82.034576	83.721634	83.709244	83.763367	83.723663	83.31221	84.046204	83.744064	83.231537	84.621582	84.60405	82.764992	84.696274	83.240204
99.165131	99.921059	99.975754	99.962799	99.961555	99.958549	99.978668	100.0	99.964172	99.979141	99.640808	99.561935	99.559029	93.616409	93.3909	93.403244	93.431732	93.379822	93.638336	93.641594	93.665909	94.785431	94.112694	94.15242	94.139389	94.154266	94.124603	94.130737	93.615257	94.284744	94.226631	94.274261	94.297852	94.333679	94.248596	94.403893	94.362389	93.727783	89.662369	89.578522	89.524376	89.525772	89.296936	89.299881	89.326645	89.328674	88.153305	88.408333	88.584229	88.743011	88.705246	84.056984	83.936554	83.954788	84.020599	84.000427	83.927841	83.954269	83.976624	83.963776	83.96077	84.095367	82.452248	82.510223	82.465225	82.519547	82.473099	82.500938	82.455414	82.393837	82.427444	83.853043	83.829514	83.828247	82.555031	82.424774	82.497025	82.574585	82.194931	82.124199	83.682205	83.720886	83.794952	83.78978	83.264893	83.951797	83.703873	83.21257	84.697105	84.650131	82.780594	84.718063	83.226189
99.220764	99.970123	99.959167	99.977844	99.971001	99.972198	99.960815	99.964172	100.0	99.960037	99.636841	99.567169	99.573364	93.59523	93.340118	93.380463	93.334564	93.359589	93.654175	93.654312	93.661186	94.7901	94.17791	94.195786	94.19838	94.200256	94.10849	94.120834	93.62648	94.246918	94.170425	94.21666	94.181679	94.265732	94.210777	94.460587	94.321671	93.796623	89.622765	89.542107	89.563469	89.581406	89.3815	89.34201	89.362823	89.382301	88.191025	88.416336	88.636536	88.760422	88.758484	84.076256	83.815857	83.853897	83.88829	83.884644	83.807014	83.898041	83.832291	83.837372	83.900665	83.939232	82.445099	82.559982	82.438171	82.444862	82.460205	82.481964	82.465919	82.328484	82.382553	83.85508	83.86425	83.864113	82.510895	82.40004	82.501846	82.509949	82.203766	82.167938	83.732422	83.737617	83.806671	83.733795	83.343498	83.995338	83.652405	83.181366	84.656525	84.713722	82.80751	84.745911	83.225815
99.171539	99.910194	99.976166	99.962143	99.964989	99.958496	99.975128	99.979141	99.960037	100.0	99.647491	99.555061	99.552711	93.599464	93.386276	93.445686	93.417282	93.415512	93.660522	93.690468	93.702454	94.759476	94.111481	94.132111	94.128242	94.112289	94.159225	94.106033	93.593658	94.295395	94.192177	94.272408	94.275299	94.334709	94.243027	94.427841	94.393829	93.762505	89.651855	89.539124	89.543015	89.528931	89.287697	89.333557	89.375015	89.383987	88.186584	88.3741	88.598839	88.737686	88.774231	84.138062	83.803978	83.847389	83.926819	83.876976	83.837044	83.877258	83.823151	83.816605	83.890144	84.01358	82.446129	82.53804	82.375717	82.410927	82.401421	82.445786	82.384567	82.357605	82.418182	83.854187	83.918869	83.899376	82.491287	82.359528	82.427223	82.550385	82.161163	82.08226	83.693085	83.75	83.810913	83.701477	83.217575	84.010605	83.717056	83.162415	84.676178	84.695419	82.712479	84.663483	83.161949
99.200714	99.596542	99.628532	99.639832	99.650467	99.620071	99.641624	99.640808	99.636841	99.647491	100.0	99.562996	99.553833	93.552673	93.343613	93.378151	93.373451	93.377243	93.621658	93.659439	93.720016	94.749603	94.095985	94.140259	94.148071	94.123856	94.145714	94.079361	93.558624	94.276176	94.196732	94.265305	94.229385	94.32811	94.220245	94.376099	94.408295	93.732529	89.681534	89.558182	89.523689	89.542542	89.316132	89.320511	89.365997	89.312469	88.134804	88.380486	88.546143	88.69194	88.730324	84.12236	83.920212	83.97142	83.990189	83.93203	83.850372	83.911842	83.915863	83.877487	83.9673	83.948212	82.390625	82.485718	82.333397	82.378845	82.353668	82.495895	82.399841	82.297897	82.33551	83.757462	83.820503	83.824249	82.508026	82.438049	82.505249	82.482574	82.129807	82.081177	83.637749	83.658356	83.734741	83.683189	83.243713	83.984924	83.625793	83.205536	84.675461	84.639	82.741211	84.733231	83.253693
99.234718	99.505371	99.563011	99.563843	99.558258	99.538437	99.558136	99.561935	99.567169	99.555061	99.562996	100.0	99.96315	93.609016	93.392914	93.452209	93.417862	93.396149	93.696701	93.680893	93.708939	94.790344	94.146378	94.111649	94.158401	94.130997	94.175598	94.181152	93.621552	94.343155	94.210281	94.285866	94.295364	94.351051	94.264923	94.425903	94.39782	93.814117	89.700439	89.563232	89.555786	89.587532	89.309067	89.328224	89.35495	89.362946	88.177979	88.290451	88.517365	88.664948	88.646667	84.048447	83.811859	83.817596	83.903259	83.894104	83.908203	83.915298	83.908691	83.955338	83.91571	84.007118	82.45665	82.507408	82.412842	82.429428	82.405342	82.450623	82.432892	82.363609	82.325218	83.839249	83.853073	83.836044	82.460251	82.392647	82.465225	82.625107	82.140938	82.098999	83.711273	83.678955	83.74678	83.665436	83.311203	84.019287	83.631981	83.190781	84.615372	84.566277	82.733795	84.712379	83.255341
99.24408	99.509171	99.552254	99.561012	99.55423	99.546188	99.553146	99.559029	99.573364	99.552711	99.553833	99.96315	100.0	93.576225	93.380722	93.414047	93.43145	93.412392	93.708786	93.649033	93.721664	94.757729	94.207687	94.200989	94.19664	94.21402	94.168533	94.133423	93.708267	94.276855	94.217117	94.262299	94.27124	94.352097	94.321014	94.394989	94.392365	93.868492	89.731506	89.634087	89.610008	89.645081	89.306778	89.362129	89.41011	89.362846	88.204025	88.43399	88.551033	88.677505	88.704468	84.123718	83.896408	83.951195	84.008698	84.033905	83.970383	84.015915	84.013771	83.963135	84.02401	84.114441	82.397858	82.503006	82.364662	82.448257	82.428314	82.488426	82.441422	82.370781	82.375336	83.818558	83.822449	83.813461	82.488541	82.375122	82.472549	82.572647	82.137146	82.065002	83.710922	83.718445	83.809341	83.684464	83.303947	84.097786	83.685226	83.282776	84.617348	84.676338	82.751755	84.664139	83.220764
93.00148	93.627014	93.644318	93.608994	93.592667	93.605728	93.628082	93.616409	93.59523	93.599464	93.552673	93.609016	93.576225	100.0	99.863678	99.893082	99.892273	99.883575	98.898697	98.919617	98.930649	94.125458	93.481049	93.502853	93.515076	93.504517	94.320953	94.402237	93.915817	94.553879	94.646164	94.639427	94.628677	94.345001	94.341568	93.478714	94.460007	93.71991	89.773987	89.764603	89.753838	89.721329	89.382187	89.545761	89.586365	89.547638	88.372795	88.454948	88.602066	88.65078	88.67482	84.124298	83.846542	83.929993	83.96698	83.908005	83.810257	83.860954	83.889923	83.904251	83.948311	83.83168	82.507294	82.539856	82.416168	82.488647	82.49617	82.579857	82.543327	82.44986	82.445557	83.86702	83.742523	83.885605	82.601921	82.561958	82.554718	82.552841	82.236038	82.134781	83.729675	83.736252	83.8647	83.780762	83.3703	84.229874	83.723099	83.310463	84.575912	84.600372	82.968735	84.8302	83.341263
93.016205	93.582458	93.42662	93.417694	93.370712	93.356155	93.436523	93.3909	93.340118	93.386276	93.343613	93.392914	93.380722	99.863678	100.0	99.958939	99.959328	99.952026	98.84745	98.845245	98.818237	93.91156	93.405701	93.480637	93.445312	93.401138	94.325722	94.160858	93.84639	94.356644	94.6241	94.48185	94.449066	94.161804	94.32634	93.453308	94.302612	93.80397	89.663193	89.731178	89.746292	89.723213	89.33287	89.614822	89.54155	89.512909	88.355995	88.495056	88.804977	88.634033	88.62558	84.555634	83.982262	83.949844	84.125229	84.351738	84.239799	84.337517	84.310417	84.276306	84.306511	84.306671	82.589798	82.589622	82.511032	82.544098	82.554779	82.650269	82.542282	82.555641	82.560249	83.907333	83.727318	83.842262	82.607246	82.681503	82.652458	82.536812	82.254318	82.165649	83.698746	83.7453	83.960236	84.288528	83.297485	84.229782	83.707092	83.32225	84.529465	84.489426	82.916199	84.808365	83.37413
92.979355	93.461411	93.437927	93.421234	93.428513	93.388817	93.450905	93.403244	93.380463	93.445686	93.378151	93.452209	93.414047	99.893082	99.958939	100.0	99.988785	99.977547	98.793579	98.825623	98.823837	93.889763	93.444061	93.460648	93.425163	93.403748	94.184624	94.111122	93.876244	94.347931	94.489342	94.429649	94.48616	94.149734	94.165436	93.384293	94.302475	93.651772	89.585602	89.713905	89.732529	89.68396	89.342148	89.556732	89.473991	89.462433	88.312958	88.530273	88.718681	88.569733	88.585526	84.570564	83.988831	83.935333	84.09169	84.289642	84.276077	84.317894	84.283478	84.262993	84.235901	84.305481	82.56794	82.51236	82.424637	82.522873	82.525696	82.627548	82.547211	82.564178	82.548645	83.819901	83.686157	83.749649	82.550591	82.665901	82.603577	82.499634	82.247658	82.136169	83.683517	83.677765	83.930634	84.161903	83.265991	84.113632	83.639923	83.228851	84.570892	84.587173	82.913185	84.675827	83.279419
92.982391	93.384995	93.432465	93.425972	93.447113	93.397774	93.445145	93.431732	93.334564	93.417282	93.373451	93.417862	93.43145	99.892273	99.959328	99.988785	100.0	99.988617	98.782486	98.805573	98.835251	93.874847	93.489075	93.505081	93.461769	93.454178	94.175323	94.166656	93.878197	94.387756	94.484406	94.494576	94.469154	94.200317	94.156334	93.452698	94.282814	93.648979	89.670288	89.710159	89.70134	89.716476	89.274361	89.590187	89.496765	89.473312	88.358505	88.530243	88.735031	88.629356	88.637093	84.593796	83.967911	83.942108	84.109047	84.385345	84.261169	84.343475	84.355881	84.31485	84.315308	84.275299	82.555473	82.51622	82.506744	82.619606	82.628052	82.670723	82.552185	82.580048	82.550659	83.7957	83.687408	83.729164	82.573776	82.690308	82.651306	82.518066	82.183121	82.13707	83.670715	83.710098	83.89872	84.150764	83.368088	84.192291	83.657166	83.293869	84.466629	84.52639	82.913986	84.749908	83.386826
93.005478	93.395821	93.437027	93.440796	93.431602	93.380585	93.454407	93.379822	93.359589	93.415512	93.377243	93.396149	93.412392	99.883575	99.952026	99.977547	99.988617	100.0	98.778084	98.801888	98.832626	93.841003	93.462227	93.451508	93.422913	93.406555	94.161743	94.162766	93.846619	94.349426	94.479431	94.509583	94.455711	94.187523	94.146683	93.437607	94.252403	93.634171	89.68161	89.691376	89.668259	89.683266	89.318344	89.580276	89.493332	89.482613	88.308655	88.531158	88.733253	88.602997	88.630829	84.515266	83.96434	83.943848	84.081169	84.355865	84.282257	84.381454	84.359093	84.292686	84.343086	84.270447	82.561508	82.489044	82.468979	82.603119	82.586227	82.621185	82.527191	82.573349	82.526703	83.811745	83.66571	83.758987	82.612778	82.705109	82.647835	82.533188	82.256805	82.149841	83.673012	83.699417	83.895508	84.192566	83.325317	84.217987	83.686447	83.303848	84.505142	84.466888	82.948227	84.726562	83.346313
93.037598	93.882034	93.690796	93.695824	93.67688	93.668503	93.691772	93.638336	93.654175	93.660522	93.621658	93.696701	93.708786	98.898697	98.84745	98.793579	98.782486	98.778084	100.0	98.916107	98.879318	94.079742	93.450958	93.442795	93.474251	93.48349	94.501183	94.302353	93.923462	94.551346	94.747719	94.624458	94.620941	94.324158	94.540993	93.424774	94.424355	93.712288	89.75415	89.728607	89.765999	89.740273	89.466148	89.550301	89.571609	89.585495	88.452339	88.563751	88.60434	88.72773	88.682983	84.192932	83.91906	83.973663	84.005508	83.905777	83.834412	84.015289	83.953011	83.897285	84.007141	83.919067	82.547928	82.498291	82.397484	82.46347	82.43425	82.495888	82.569778	82.498116	82.509323	83.857437	83.836075	83.952652	82.628769	82.529091	82.528214	82.619942	82.222519	82.133667	83.654495	83.698875	83.939949	83.949333	83.326218	84.177826	83.71077	83.221268	84.572128	84.564247	82.863411	84.675278	83.372147
93.074173	93.765701	93.687057	93.7146	93.718605	93.687447	93.706696	93.641594	93.654312	93.690468	93.659439	93.680893	93.649033	98.919617	98.845245	98.825623	98.805573	98.801888	98.916107	100.0	98.961761	94.095734	93.382645	93.461609	93.441177	93.423012	94.370224	94.349609	93.899284	94.529938	94.670082	94.566017	94.606216	94.311218	94.375732	93.428192	94.451157	93.734329	89.68071	89.698807	89.709442	89.704803	89.370392	89.601227	89.551254	89.541153	88.401497	88.516724	88.596756	88.792671	88.732521	84.166412	83.859695	83.900398	83.923363	83.912262	83.838203	83.890625	83.887009	83.862984	83.834183	83.848846	82.521637	82.437653	82.345428	82.430397	82.437469	82.429047	82.495857	82.425049	82.431526	83.835594	83.781349	83.856888	82.598419	82.51445	82.564651	82.514053	82.153351	82.119949	83.783974	83.753883	83.793823	83.747566	83.302963	84.130394	83.694878	83.313934	84.522835	84.540833	82.96994	84.552048	83.409149
93.052757	93.68782	93.669113	93.72052	93.723801	93.70903	93.693939	93.665909	93.661186	93.702454	93.720016	93.708939	93.721664	98.930649	98.818237	98.823837	98.835251	98.832626	98.879318	98.961761	100.0	94.124168	93.511581	93.480698	93.479156	93.501968	94.327454	94.283897	93.901245	94.567474	94.6036	94.654984	94.63797	94.344254	94.319809	93.449371	94.536583	93.70871	89.770111	89.713043	89.722672	89.711487	89.347939	89.564346	89.580452	89.521881	88.365074	88.462509	88.53949	88.636269	88.622375	84.120895	83.819702	83.937523	83.911369	84.000671	83.83136	83.851028	83.888672	83.822113	83.870041	83.900421	82.570816	82.512909	82.357979	82.474174	82.472565	82.460289	82.476334	82.338928	82.384094	83.805832	83.858452	83.835991	82.594864	82.567184	82.532791	82.492401	82.160156	81.994644	83.754272	83.784325	83.88224	83.785751	83.356735	84.112396	83.775146	83.25515	84.540031	84.558395	82.876892	84.66777	83.386276
94.2967	94.737473	94.780334	94.774414	94.740349	94.746063	94.762451	94.785431	94.7901	94.759476	94.749603	94.790344	94.757729	94.125458	93.91156	93.889763	93.874847	93.841003	94.079742	94.095734	94.124168	100.0	98.598656	98.628693	98.656151	98.649818	95.048996	95.073898	94.579941	95.097183	95.124771	95.176338	95.184769	94.803772	94.822807	95.687408	95.909515	94.81971	89.809006	89.870056	89.853935	89.847084	89.59903	89.630219	89.654419	89.659943	88.386574	88.555206	88.636856	88.793137	88.770248	84.193642	83.984726	83.985245	83.977539	84.055595	83.94957	83.993843	84.035675	83.985901	84.077728	84.000443	82.426147	82.442642	82.374535	82.452759	82.450363	82.523804	82.467255	82.31321	82.368515	83.744583	83.725693	83.787338	82.657188	82.468704	82.550568	82.582596	82.211197	82.151352	83.75592	83.814331	83.931259	83.878525	83.409981	84.196106	83.79464	83.261307	84.479408	84.516968	83.028084	84.802872	83.148621
94.180115	94.049164	94.13559	94.146423	94.109329	94.121674	94.137833	94.112694	94.17791	94.111481	94.095985	94.146378	94.207687	93.481049	93.405701	93.444061	93.489075	93.462227	93.450958	93.382645	93.511581	98.598656	100.0	99.131554	99.140045	99.123535	94.369408	94.502014	95.23394	94.612854	94.479942	94.603653	94.562088	94.207619	94.153809	95.771408	95.380287	94.913536	89.7491	89.89386	89.885696	89.857956	89.547272	89.79277	89.69046	89.810364	88.4907	88.474487	88.779007	88.823074	88.865967	84.186035	83.931732	83.988647	84.034142	83.918549	83.855087	83.986069	83.968773	83.946289	83.948578	83.998032	82.468582	82.488304	82.360504	82.388229	82.385933	82.507538	82.517197	82.353394	82.359734	83.800301	83.774689	83.8395	82.536011	82.490494	82.48848	82.61953	82.216454	82.206345	83.747833	83.817749	83.889786	83.713257	83.393547	84.169708	83.775543	83.286957	84.530029	84.461632	83.006607	84.769913	83.284584
94.232803	94.073364	94.148529	94.162506	94.07933	94.121368	94.148621	94.15242	94.195786	94.132111	94.140259	94.111649	94.200989	93.502853	93.480637	93.460648	93.505081	93.451508	93.442795	93.461609	93.480698	98.628693	99.131554	100.0	99.987175	99.983482	94.410629	94.542404	95.202362	94.502869	94.495346	94.547028	94.498688	94.180016	94.154709	95.686348	95.28746	94.986404	89.699295	89.838013	89.832016	89.819786	89.54097	89.634392	89.661682	89.732903	88.349037	88.523666	88.648361	88.769211	88.721725	84.138268	83.978493	83.953041	84.015945	83.981674	83.90564	83.966385	83.942245	83.974007	84.006729	83.981781	82.367455	82.428299	82.299873	82.469788	82.4235	82.505363	82.485611	82.360992	82.356415	83.748474	83.721085	83.74884	82.587204	82.51683	82.492371	82.552673	82.240433	82.148254	83.799973	83.868591	83.88916	83.795189	83.483017	84.179962	83.784782	83.345131	84.490875	84.458054	82.956116	84.860336	83.203934
94.234039	94.063507	94.143677	94.149551	94.099129	94.131683	94.146698	94.139389	94.19838	94.128242	94.148071	94.158401	94.19664	93.515076	93.445312	93.425163	93.461769	93.422913	93.474251	93.441177	93.479156	98.656151	99.140045	99.987175	100.0	99.987762	94.414413	94.551468	95.203903	94.519508	94.477615	94.552124	94.497047	94.219635	94.165604	95.715378	95.308548	95.031342	89.79509	89.885483	89.82637	89.828438	89.575935	89.604591	89.649353	89.683548	88.405945	88.497955	88.65377	88.797119	88.756516	84.195938	83.892227	83.933807	83.974426	83.978928	83.888794	83.979691	83.940674	83.95356	84.037643	83.989555	82.431015	82.493286	82.358597	82.486664	82.418655	82.557648	82.539116	82.402405	82.440605	83.760391	83.727921	83.791199	82.673294	82.566223	82.523468	82.586769	82.180138	82.183823	83.795425	83.815994	83.838921	83.739761	83.479935	84.179817	83.803925	83.323212	84.541687	84.559265	82.941872	84.8731	83.285599
94.204056	94.086014	94.158813	94.134331	94.103073	94.134071	94.14521	94.154266	94.200256	94.112289	94.123856	94.130997	94.21402	93.504517	93.401138	93.403748	93.454178	93.406555	93.48349	93.423012	93.501968	98.649818	99.123535	99.983482	99.987762	100.0	94.396729	94.537552	95.188576	94.531296	94.503937	94.554443	94.484131	94.216682	94.167526	95.711472	95.324974	94.981575	89.725731	89.886238	89.823761	89.82489	89.512459	89.616104	89.635841	89.66481	88.376129	88.519463	88.671074	88.801697	88.758484	84.207565	83.966705	83.975739	84.032532	84.034088	83.943893	83.977562	83.902145	83.861374	83.975128	83.972832	82.413651	82.495384	82.336327	82.485008	82.423622	82.564461	82.502243	82.441223	82.435089	83.725403	83.736351	83.759308	82.63372	82.537651	82.565155	82.603851	82.229416	82.223251	83.787224	83.817612	83.925903	83.791443	83.523041	84.142395	83.880379	83.364609	84.490044	84.542053	82.926102	84.766914	83.282219
93.601479	94.314545	94.132812	94.210602	94.155373	94.158295	94.176132	94.124603	94.10849	94.159225	94.145714	94.175598	94.168533	94.320953	94.325722	94.184624	94.175323	94.161743	94.501183	94.370224	94.327454	95.048996	94.369408	94.410629	94.414413	94.396729	100.0	99.187256	95.621422	96.236664	96.523697	96.436737	96.417679	94.942261	95.101448	94.132805	95.461868	94.629478	89.715546	89.813675	89.784691	89.764191	89.400757	89.581757	89.624268	89.538002	88.250168	88.735085	88.744797	88.90963	88.919548	84.082306	83.821213	83.864853	83.879395	83.955116	83.794174	83.872742	83.804436	83.768814	83.902092	83.811096	82.445648	82.522629	82.329773	82.387108	82.354645	82.450851	82.398445	82.41655	82.4048	83.866394	83.856377	83.869568	82.516525	82.436714	82.439148	82.452049	82.100143	82.113861	83.750595	83.812355	83.800262	83.760498	83.374123	84.132149	83.783745	83.275681	84.512314	84.58065	82.881271	84.701187	83.340759
93.675873	94.107941	94.152924	94.126259	94.154068	94.127846	94.142517	94.130737	94.120834	94.106033	94.079361	94.181152	94.133423	94.402237	94.160858	94.111122	94.166656	94.162766	94.302353	94.349609	94.283897	95.073898	94.502014	94.542404	94.551468	94.537552	99.187256	100.0	95.747978	96.214149	96.419319	96.413017	96.39859	94.979393	94.979965	94.129639	95.49614	94.582596	89.631165	89.70549	89.725555	89.719574	89.419456	89.459206	89.623436	89.503265	88.183212	88.626373	88.729691	88.812119	88.831032	84.013687	83.858688	83.846115	83.864944	83.863586	83.845871	83.877129	83.755585	83.765366	83.856537	83.769196	82.315048	82.406799	82.28537	82.392677	82.339172	82.372086	82.396149	82.293785	82.311829	83.863831	83.881355	83.819687	82.506233	82.381088	82.424332	82.317612	82.027466	82.006546	83.686264	83.699913	83.713928	83.675362	83.27536	84.087891	83.747681	83.245865	84.45179	84.502411	82.752899	84.721741	83.161942
93.607025	93.574394	93.595596	93.600151	93.602356	93.586319	93.607307	93.615257	93.62648	93.593658	93.558624	93.621552	93.708267	93.915817	93.84639	93.876244	93.878197	93.846619	93.923462	93.899284	93.901245	94.579941	95.23394	95.202362	95.203903	95.188576	95.621422	95.747978	100.0	98.569305	97.541061	97.589455	97.552994	94.513718	94.515541	94.339203	95.215408	94.750656	89.741745	89.900726	89.884445	89.871452	89.383339	89.730026	89.690231	89.774963	88.413612	88.696335	88.845924	88.886597	88.967072	84.07132	83.934441	83.917374	83.960007	83.882156	83.84993	83.926956	83.931389	83.92012	84.014023	83.896942	82.424843	82.500053	82.409813	82.451294	82.48053	82.433746	82.560104	82.420731	82.339294	83.807037	83.835983	83.916763	82.564209	82.500504	82.537399	82.586304	82.204773	82.22226	83.797836	83.830566	83.885666	83.708488	83.358192	84.233597	83.777855	83.360092	84.448448	84.511681	82.881203	84.849701	83.389221
93.704613	94.306358	94.307297	94.334656	94.294975	94.318367	94.312973	94.284744	94.246918	94.295395	94.276176	94.343155	94.276855	94.553879	94.356644	94.347931	94.387756	94.349426	94.551346	94.529938	94.567474	95.097183	94.612854	94.502869	94.519508	94.531296	96.236664	96.214149	98.569305	100.0	98.020706	97.977463	97.983994	95.140755	95.054199	94.348137	95.738472	94.737762	89.785995	89.925446	89.874573	89.862335	89.579163	89.708031	89.669327	89.696609	88.374985	88.594025	88.638443	88.752792	88.774261	84.123199	83.999054	83.940521	84.001694	83.980202	83.876678	84.039932	83.933296	83.941162	83.993774	83.929062	82.415009	82.562592	82.319176	82.355759	82.360428	82.453423	82.494049	82.395523	82.358261	83.845551	83.873581	83.886887	82.677795	82.530411	82.536789	82.532242	82.170944	82.129692	83.883949	83.842072	83.920731	83.813828	83.362381	84.232803	83.832199	83.30336	84.475098	84.546036	82.933983	84.83149	83.300461
93.619934	94.377533	94.227058	94.22213	94.188545	94.212196	94.251465	94.226631	94.170425	94.192177	94.196732	94.210281	94.217117	94.646164	94.6241	94.489342	94.484406	94.479431	94.747719	94.670082	94.6036	95.124771	94.479942	94.495346	94.477615	94.503937	96.523697	96.419319	97.541061	98.020706	100.0	99.256912	99.263794	95.110161	95.23893	94.25486	95.75573	94.6623	89.841797	89.849739	89.847092	89.837021	89.464706	89.613716	89.63488	89.657394	88.369385	88.770828	88.824852	88.94313	88.973	84.041275	83.914993	83.969986	83.953094	84.004379	83.970253	83.974854	83.878258	83.907288	84.016991	84.020752	82.430779	82.485489	82.430382	82.513908	82.489288	82.519318	82.530045	82.399445	82.377151	83.800461	83.676826	83.790802	82.601517	82.477417	82.573776	82.537888	82.184586	82.188278	83.854126	83.894409	83.913284	83.762489	83.340126	84.252678	83.857094	83.338242	84.520645	84.563278	82.964706	84.816666	83.305908
93.616905	94.235886	94.300674	94.283173	94.241943	94.244873	94.286392	94.274261	94.21666	94.272408	94.265305	94.285866	94.262299	94.639427	94.48185	94.429649	94.494576	94.509583	94.624458	94.566017	94.654984	95.176338	94.603653	94.547028	94.552124	94.554443	96.436737	96.413017	97.589455	97.977463	99.256912	100.0	99.977188	95.170769	95.139374	94.308289	95.742401	94.728134	89.831802	89.854248	89.868881	89.879059	89.479866	89.625191	89.663559	89.566139	88.366951	88.688019	88.844696	88.913086	88.950165	84.082527	83.893356	83.931046	83.965393	83.950813	83.888969	83.980072	83.984451	83.960686	83.975021	83.961609	82.476212	82.517776	82.403214	82.447533	82.42321	82.45887	82.478317	82.326569	82.346069	83.753052	83.780121	83.808502	82.614868	82.483833	82.520737	82.564354	82.184586	82.208725	83.807701	83.871643	83.844406	83.741028	83.35228	84.22995	83.764114	83.322624	84.392593	84.452621	82.949753	84.826591	83.298134
93.580643	94.237663	94.274887	94.307556	94.264236	94.245102	94.282532	94.297852	94.181679	94.275299	94.229385	94.295364	94.27124	94.628677	94.449066	94.48616	94.469154	94.455711	94.620941	94.606216	94.63797	95.184769	94.562088	94.498688	94.497047	94.484131	96.417679	96.39859	97.552994	97.983994	99.263794	99.977188	100.0	95.159821	95.131996	94.312286	95.73381	94.677002	89.874664	89.875107	89.901672	89.910645	89.423248	89.650177	89.596718	89.51857	88.384743	88.680473	88.817108	88.924835	88.932938	84.044884	83.904381	83.924026	83.974533	83.972717	83.900284	83.988663	83.912964	83.92408	84.007095	83.883835	82.461411	82.519028	82.420242	82.531334	82.505463	82.473572	82.492302	82.376022	82.371452	83.761032	83.783897	83.749802	82.577682	82.46862	82.495964	82.533188	82.215088	82.275352	83.796326	83.837578	83.863586	83.77446	83.375153	84.241928	83.796165	83.315948	84.450676	84.47113	82.957664	84.81488	83.369751
93.657745	94.304184	94.353493	94.379303	94.343063	94.373367	94.355324	94.333679	94.265732	94.334709	94.32811	94.351051	94.352097	94.345001	94.161804	94.149734	94.200317	94.187523	94.324158	94.311218	94.344254	94.803772	94.207619	94.180016	94.219635	94.216682	94.942261	94.979393	94.513718	95.140755	95.110161	95.170769	95.159821	100.0	99.911156	94.100204	95.412682	94.378113	89.685577	89.688049	89.691078	89.674515	89.385529	89.302681	89.515335	89.356491	88.293701	88.513855	88.54393	88.717194	88.696114	84.145844	83.968079	84.099617	84.107559	84.036873	83.985275	84.154205	83.987122	84.006767	84.15921	83.961334	82.512299	82.577347	82.541321	82.56456	82.527992	82.667068	82.595406	82.499588	82.575073	83.879654	83.797195	83.865906	82.638031	82.388916	82.490295	82.561569	82.116867	82.186485	83.771912	83.7836	83.849869	83.759796	83.293823	84.229256	83.742386	83.292191	84.437111	84.538528	83.055939	84.788803	83.222549
93.660812	94.454994	94.2491	94.264297	94.24604	94.261261	94.251709	94.248596	94.210777	94.243027	94.220245	94.264923	94.321014	94.341568	94.32634	94.165436	94.156334	94.146683	94.540993	94.375732	94.319809	94.822807	94.153809	94.154709	94.165604	94.167526	95.101448	94.979965	94.515541	95.054199	95.23893	95.139374	95.131996	99.911156	100.0	94.064575	95.340302	94.334381	89.784348	89.741623	89.673012	89.677628	89.318909	89.402222	89.485008	89.412926	88.271072	88.588394	88.628342	88.787933	88.759819	84.198326	84.066193	84.072868	84.151794	84.086494	83.981903	84.147003	84.014938	83.939011	84.162361	84.040985	82.593018	82.70253	82.624565	82.644272	82.650154	82.758255	82.69072	82.662575	82.656578	83.9235	83.817032	83.938721	82.692108	82.441116	82.619232	82.610275	82.093475	82.171059	83.813751	83.828766	83.788284	83.808472	83.299049	84.315765	83.899338	83.230194	84.474716	84.551041	83.035233	84.821716	83.329056
94.465515	94.401993	94.430557	94.416321	94.441528	94.433723	94.417236	94.403893	94.460587	94.427841	94.376099	94.425903	94.394989	93.478714	93.453308	93.384293	93.452698	93.437607	93.424774	93.428192	93.449371	95.687408	95.771408	95.686348	95.715378	95.711472	94.132805	94.129639	94.339203	94.348137	94.25486	94.308289	94.312286	94.100204	94.064575	100.0	94.598785	94.435036	89.686676	89.733902	89.689911	89.71479	89.493042	89.467545	89.528442	89.573959	88.254425	88.40361	88.542786	88.736343	88.739456	84.091339	83.749992	83.844627	83.762833	83.775658	83.716125	83.770988	83.811569	83.806	83.807205	83.80896	82.416946	82.520737	82.405136	82.447601	82.455276	82.552933	82.406715	82.384888	82.393501	83.837433	83.795624	83.77623	82.544006	82.51416	82.557129	82.445114	82.226273	82.221596	83.782089	83.757462	83.789719	83.798111	83.387772	84.181625	83.773048	83.290421	84.522217	84.592728	82.867889	84.9244	83.237137
93.841873	94.390137	94.402695	94.341858	94.413971	94.37735	94.39711	94.362389	94.321671	94.393829	94.408295	94.39782	94.392365	94.460007	94.302612	94.302475	94.282814	94.252403	94.424355	94.451157	94.536583	95.909515	95.380287	95.28746	95.308548	95.324974	95.461868	95.49614	95.215408	95.738472	95.75573	95.742401	95.73381	95.412682	95.340302	94.598785	100.0	95.713562	89.941086	89.909195	89.963333	89.936363	89.487137	89.676529	89.705894	89.638268	88.459145	88.763245	88.82589	88.919952	88.975304	84.313736	84.000031	83.99353	84.081429	84.042183	84.061676	84.046494	84.037003	83.956863	84.009842	84.09333	82.52037	82.481949	82.38118	82.402092	82.369553	82.515335	82.579636	82.42041	82.443657	83.857513	83.927734	83.931786	82.75177	82.682259	82.697189	82.54425	82.288498	82.307571	83.841415	83.898041	83.998245	83.917694	83.335129	84.35257	83.845222	83.382896	84.560089	84.640938	82.980347	84.88031	83.360512
93.831787	93.775635	93.738899	93.747818	93.774521	93.804016	93.726837	93.727783	93.796623	93.762505	93.732529	93.814117	93.868492	93.71991	93.80397	93.651772	93.648979	93.634171	93.712288	93.734329	93.70871	94.81971	94.913536	94.986404	95.031342	94.981575	94.629478	94.582596	94.750656	94.737762	94.6623	94.728134	94.677002	94.378113	94.334381	94.435036	95.713562	100.0	90.058624	90.09819	90.114784	90.126892	89.822601	89.807343	89.821823	89.766174	88.575859	88.590256	89.008911	88.874405	88.863144	84.887344	84.243195	84.242737	84.307861	84.592133	84.571579	84.437675	84.57148	84.518021	84.503418	84.539062	83.090553	82.598328	83.389397	83.316177	83.171783	82.972656	82.607025	82.958778	83.070465	84.427048	84.144478	84.129539	82.921921	83.386719	83.040955	82.696991	82.388504	82.283279	83.94339	83.95665	84.366699	84.686554	83.538788	84.706413	84.245972	83.428734	84.649796	84.639427	83.129471	85.012939	83.697174
89.626236	89.669449	89.669357	89.656433	89.642319	89.65509	89.690247	89.662369	89.622765	89.651855	89.681534	89.700439	89.731506	89.773987	89.663193	89.585602	89.670288	89.68161	89.75415	89.68071	89.770111	89.809006	89.7491	89.699295	89.79509	89.725731	89.715546	89.631165	89.741745	89.785995	89.841797	89.831802	89.874664	89.685577	89.784348	89.686676	89.941086	90.058624	100.0	91.699173	91.715172	91.708038	91.562286	91.737976	91.704727	91.613632	88.885208	88.072159	88.303398	88.348137	88.338211	83.651474	83.575188	83.635216	83.648468	83.488335	83.537094	83.598862	83.599571	83.569763	83.576218	83.556366	82.443954	82.575676	82.39093	82.477386	82.433464	82.596832	82.53714	82.465912	82.400726	83.679588	83.696281	83.727127	82.470337	82.344391	82.413147	82.534721	82.188889	82.121704	83.883774	83.922386	83.898132	83.882164	83.500206	84.242523	83.815872	83.34568	84.380768	84.454819	82.749168	84.475052	83.211151
89.479034	89.592926	89.546402	89.581909	89.589447	89.535645	89.579628	89.578522	89.542107	89.539124	89.558182	89.563232	89.634087	89.764603	89.731178	89.713905	89.710159	89.691376	89.728607	89.698807	89.713043	89.870056	89.89386	89.838013	89.885483	89.886238	89.813675	89.70549	89.900726	89.925446	89.849739	89.854248	89.875107	89.688049	89.741623	89.733902	89.909195	90.09819	91.699173	100.0	99.998077	99.995361	94.416107	95.100525	94.961884	95.230103	89.596298	88.611198	88.76059	88.848351	88.845093	83.927078	83.716568	83.759956	83.710648	83.668182	83.583252	83.668785	83.681221	83.660889	83.75164	83.688591	82.419678	82.58493	82.305923	82.449417	82.451309	82.6511	82.544777	82.437943	82.441902	83.797409	83.813431	83.8741	82.507645	82.403526	82.438492	82.542145	82.106049	82.123932	83.862381	83.912781	83.994446	83.888603	83.419197	84.240402	83.767548	83.36602	84.424728	84.440308	82.860092	84.807251	83.53244
89.504044	89.552002	89.554977	89.580841	89.574448	89.55899	89.577866	89.524376	89.563469	89.543015	89.523689	89.555786	89.610008	89.753838	89.746292	89.732529	89.70134	89.668259	89.765999	89.709442	89.722672	89.853935	89.885696	89.832016	89.82637	89.823761	89.784691	89.725555	89.884445	89.874573	89.847092	89.868881	89.901672	89.691078	89.673012	89.689911	89.963333	90.114784	91.715172	99.998077	100.0	99.996658	94.375961	95.096344	94.990082	95.227859	89.611038	88.58252	88.709236	88.76535	88.777306	83.877159	83.639519	83.739914	83.723923	83.6922	83.586777	83.670715	83.683777	83.646927	83.716705	83.63681	82.373077	82.565262	82.319809	82.45314	82.450661	82.564919	82.509491	82.414261	82.432541	83.830673	83.807549	83.892578	82.542618	82.351936	82.383041	82.53949	82.124191	82.085007	83.905258	83.943398	83.98233	83.888351	83.414368	84.259895	83.728584	83.357239	84.443451	84.381371	82.799362	84.703522	83.55423
89.472038	89.599808	89.542542	89.632111	89.600777	89.577606	89.575859	89.525772	89.581406	89.528931	89.542542	89.587532	89.645081	89.721329	89.723213	89.68396	89.716476	89.683266	89.740273	89.704803	89.711487	89.847084	89.857956	89.819786	89.828438	89.82489	89.764191	89.719574	89.871452	89.862335	89.837021	89.879059	89.910645	89.674515	89.677628	89.71479	89.936363	90.126892	91.708038	99.995361	99.996658	100.0	94.383438	95.104141	94.994446	95.202515	89.613312	88.600113	88.707077	88.773209	88.787613	83.904968	83.751984	83.800507	83.802734	83.729828	83.639847	83.717598	83.681709	83.61676	83.763687	83.656113	82.393272	82.568314	82.275497	82.460304	82.442062	82.572891	82.56192	82.449127	82.43438	83.809006	83.831108	83.914772	82.496872	82.279755	82.401588	82.539398	82.108276	82.09626	83.889175	83.898727	83.986557	83.90036	83.400848	84.267792	83.758331	83.440994	84.457016	84.393158	82.831253	84.735413	83.58017
89.210381	89.377258	89.332108	89.303986	89.346855	89.353592	89.31958	89.296936	89.3815	89.287697	89.316132	89.309067	89.306778	89.382187	89.33287	89.342148	89.274361	89.318344	89.466148	89.370392	89.347939	89.59903	89.547272	89.54097	89.575935	89.512459	89.400757	89.419456	89.383339	89.579163	89.464706	89.479866	89.423248	89.385529	89.318909	89.493042	89.487137	89.822601	91.562286	94.416107	94.375961	94.383438	100.0	94.515549	94.504173	94.623581	89.401489	88.109039	88.400032	88.480972	88.476837	83.59446	83.63826	83.675171	83.623367	83.5858	83.560181	83.631348	83.587029	83.550797	83.657898	83.549133	82.563263	82.587646	82.374359	82.51149	82.49427	82.546585	82.599197	82.543945	82.494354	83.634895	83.680656	83.733727	82.432053	82.42746	82.417984	82.391304	82.109451	82.064041	83.806458	83.818741	83.840363	83.870239	83.322662	83.997757	83.737755	83.402618	84.584152	84.559059	82.567261	84.63649	83.287704
89.217056	89.362061	89.350319	89.290924	89.313583	89.296303	89.379517	89.299881	89.34201	89.333557	89.320511	89.328224	89.362129	89.545761	89.614822	89.556732	89.590187	89.580276	89.550301	89.601227	89.564346	89.630219	89.79277	89.634392	89.604591	89.616104	89.581757	89.459206	89.730026	89.708031	89.613716	89.625191	89.650177	89.302681	89.402222	89.467545	89.676529	89.807343	91.737976	95.100525	95.096344	95.104141	94.515549	100.0	96.087036	96.060715	89.626633	88.341705	88.489227	88.566505	88.580948	83.630768	83.512772	83.523598	83.515305	83.500122	83.466949	83.592621	83.476578	83.494202	83.589447	83.495972	82.460068	82.526482	82.357605	82.423935	82.378677	82.486267	82.502655	82.444427	82.448456	83.540665	83.570679	83.612625	82.452576	82.323273	82.376785	82.377998	82.026703	82.004501	83.725342	83.635162	83.741882	83.792953	83.404747	84.175034	83.737129	83.306641	84.353882	84.370026	82.585091	84.495865	83.323395
89.362762	89.392349	89.378448	89.371841	89.387207	89.326195	89.329979	89.326645	89.362823	89.375015	89.365997	89.35495	89.41011	89.586365	89.54155	89.473991	89.496765	89.493332	89.571609	89.551254	89.580452	89.654419	89.69046	89.661682	89.649353	89.635841	89.624268	89.623436	89.690231	89.669327	89.63488	89.663559	89.596718	89.515335	89.485008	89.528442	89.705894	89.821823	91.704727	94.961884	94.990082	94.994446	94.504173	96.087036	100.0	98.839172	89.712296	88.32412	88.427422	88.540718	88.531677	83.595901	83.542953	83.581635	83.602036	83.594131	83.555023	83.637451	83.535141	83.530075	83.665718	83.574722	82.270248	82.442589	82.355667	82.429169	82.443588	82.452728	82.45282	82.415146	82.412445	83.552673	83.61232	83.770775	82.38533	82.293594	82.278091	82.27446	82.04277	81.959946	83.762894	83.793648	83.726364	83.718994	83.325829	84.061493	83.687019	83.265083	84.393921	84.369797	82.672806	84.425888	83.357712
89.350098	89.374008	89.409637	89.384697	89.402939	89.351501	89.343582	89.328674	89.382301	89.383987	89.312469	89.362946	89.362846	89.547638	89.512909	89.462433	89.473312	89.482613	89.585495	89.541153	89.521881	89.659943	89.810364	89.732903	89.683548	89.66481	89.538002	89.503265	89.774963	89.696609	89.657394	89.566139	89.51857	89.356491	89.412926	89.573959	89.638268	89.766174	91.613632	95.230103	95.227859	95.202515	94.623581	96.060715	98.839172	100.0	89.913887	88.287857	88.487396	88.613419	88.590729	83.653595	83.632637	83.65773	83.646004	83.628296	83.588699	83.697159	83.581657	83.584808	83.695908	83.642639	82.435181	82.563446	82.386078	82.481903	82.511414	82.436241	82.558792	82.53167	82.486252	83.579765	83.674652	83.739075	82.445419	82.223442	82.292404	82.352524	82.051071	82.020248	83.812828	83.786514	83.818588	83.802673	83.323616	84.128952	83.701172	83.452866	84.463745	84.382004	82.706268	84.551437	83.444321
88.22644	88.160507	88.243958	88.193207	88.254379	88.248032	88.231323	88.153305	88.191025	88.186584	88.134804	88.177979	88.204025	88.372795	88.355995	88.312958	88.358505	88.308655	88.452339	88.401497	88.365074	88.386574	88.4907	88.349037	88.405945	88.376129	88.250168	88.183212	88.413612	88.374985	88.369385	88.366951	88.384743	88.293701	88.271072	88.254425	88.459145	88.575859	88.885208	89.596298	89.611038	89.613312	89.401489	89.626633	89.712296	89.913887	100.0	88.428902	88.791473	88.826096	88.824753	83.630493	83.631668	83.694778	83.640083	83.631279	83.576309	83.622009	83.52475	83.550186	83.630692	83.546036	82.259613	82.408791	82.315048	82.391846	82.390778	82.366821	82.388802	82.383492	82.312767	83.433472	83.484711	83.605728	82.355873	82.244247	82.355186	82.406807	81.925438	81.965363	83.642868	83.683487	83.88092	83.704193	83.357574	83.938232	83.630676	83.043678	84.319427	84.34082	82.840622	84.51799	83.234711
88.323494	88.374802	88.459717	88.403168	88.389908	88.430176	88.437119	88.408333	88.416336	88.3741	88.380486	88.290451	88.43399	88.454948	88.495056	88.530273	88.530243	88.531158	88.563751	88.516724	88.462509	88.555206	88.474487	88.523666	88.497955	88.519463	88.735085	88.626373	88.696335	88.594025	88.770828	88.688019	88.680473	88.513855	88.588394	88.40361	88.763245	88.590256	88.072159	88.611198	88.58252	88.600113	88.109039	88.341705	88.32412	88.287857	88.428902	100.0	93.969177	93.999313	94.010849	83.929688	83.737747	83.808807	83.743813	83.693832	83.59668	83.728882	83.742935	83.746887	83.725815	83.647133	82.423965	82.478668	82.319572	82.366104	82.400604	82.569939	82.418007	82.347656	82.424469	83.694038	83.680481	83.711624	82.521927	82.344833	82.404907	82.516998	82.11068	82.176384	83.635696	83.665527	83.730377	83.632553	83.288132	84.042992	83.703438	83.294083	84.409706	84.663315	82.853302	84.414429	83.21727
88.513321	88.607979	88.652115	88.564812	88.562805	88.575027	88.622116	88.584229	88.636536	88.598839	88.546143	88.517365	88.551033	88.602066	88.804977	88.718681	88.735031	88.733253	88.60434	88.596756	88.53949	88.636856	88.779007	88.648361	88.65377	88.671074	88.744797	88.729691	88.845924	88.638443	88.824852	88.844696	88.817108	88.54393	88.628342	88.542786	88.82589	89.008911	88.303398	88.76059	88.709236	88.707077	88.400032	88.489227	88.427422	88.487396	88.791473	93.969177	100.0	98.911057	98.903824	84.364464	83.926468	83.708359	83.908752	84.161987	84.045151	84.146561	84.219467	84.206215	84.214622	84.164154	82.598282	82.407364	82.403259	82.464195	82.472519	82.680771	82.429947	82.597878	82.602348	84.01931	83.889923	83.877548	82.663872	82.619629	82.655235	82.632996	82.229263	82.234482	83.733612	83.770607	83.876472	84.207932	83.385994	84.160828	83.710442	83.376083	84.699699	84.626648	82.847618	84.490219	83.319305
88.673447	88.751724	88.792313	88.747559	88.676376	88.72702	88.803528	88.743011	88.760422	88.737686	88.69194	88.664948	88.677505	88.65078	88.634033	88.569733	88.629356	88.602997	88.72773	88.792671	88.636269	88.793137	88.823074	88.769211	88.797119	88.801697	88.90963	88.812119	88.886597	88.752792	88.94313	88.913086	88.924835	88.717194	88.787933	88.736343	88.919952	88.874405	88.348137	88.848351	88.76535	88.773209	88.480972	88.566505	88.540718	88.613419	88.826096	93.999313	98.911057	100.0	99.998596	84.036896	83.831161	83.789589	83.825211	83.738342	83.614685	83.797363	83.769791	83.855621	83.787735	83.791847	82.497383	82.345421	82.395828	82.388947	82.411041	82.485931	82.467239	82.491287	82.521957	83.802094	83.813889	83.8022	82.65464	82.53183	82.554398	82.713745	82.120728	82.251846	83.789101	83.801147	83.898964	83.864426	83.372025	84.290115	83.996994	83.292717	84.672302	84.70079	82.941582	84.510918	83.331177
88.673386	88.702728	88.736313	88.751648	88.730057	88.724648	88.717773	88.705246	88.758484	88.774231	88.730324	88.646667	88.704468	88.67482	88.62558	88.585526	88.637093	88.630829	88.682983	88.732521	88.622375	88.770248	88.865967	88.721725	88.756516	88.758484	88.919548	88.831032	88.967072	88.774261	88.973	88.950165	88.932938	88.696114	88.759819	88.739456	88.975304	88.863144	88.338211	88.845093	88.777306	88.787613	88.476837	88.580948	88.531677	88.590729	88.824753	94.010849	98.903824	99.998596	100.0	84.012428	83.868729	83.776779	83.857803	83.825577	83.681068	83.902298	83.835571	83.803421	83.894341	83.802193	82.502808	82.380951	82.342903	82.348099	82.366425	82.455841	82.475586	82.404327	82.461517	83.906944	83.893852	83.876678	82.684479	82.565781	82.593857	82.763573	82.200974	82.257797	83.734863	83.753609	83.999031	83.856812	83.39418	84.337723	83.929398	83.343971	84.608826	84.687897	82.947456	84.587364	83.381226
84.111954	84.133392	84.064598	84.1091	84.102943	84.082542	84.06871	84.056984	84.076256	84.138062	84.12236	84.048447	84.123718	84.124298	84.555634	84.570564	84.593796	84.515266	84.192932	84.166412	84.120895	84.193642	84.186035	84.138268	84.195938	84.207565	84.082306	84.013687	84.07132	84.123199	84.041275	84.082527	84.044884	84.145844	84.198326	84.091339	84.313736	84.887344	83.651474	83.927078	83.877159	83.904968	83.59446	83.630768	83.595901	83.653595	83.630493	83.929688	84.364464	84.036896	84.012428	100.0	93.006104	92.942245	92.964264	93.166092	93.119308	93.175735	93.165253	93.160339	93.164688	93.259552	81.841415	81.712616	81.850471	81.849335	81.889137	81.933655	81.782043	82.342743	82.366104	83.100883	83.078506	83.083206	81.865417	81.839226	81.877541	82.0896	81.902649	81.903976	82.603493	82.650566	82.75824	83.177559	82.228104	83.104614	82.69783	82.147354	82.287354	82.410751	84.406776	83.881294	82.264694
83.913155	83.90419	83.805222	83.854012	83.888031	83.878044	83.886505	83.936554	83.815857	83.803978	83.920212	83.811859	83.896408	83.846542	83.982262	83.988831	83.967911	83.96434	83.91906	83.859695	83.819702	83.984726	83.931732	83.978493	83.892227	83.966705	83.821213	83.858688	83.934441	83.999054	83.914993	83.893356	83.904381	83.968079	84.066193	83.749992	84.000031	84.243195	83.575188	83.716568	83.639519	83.751984	83.63826	83.512772	83.542953	83.632637	83.631668	83.737747	83.926468	83.831161	83.868729	93.006104	100.0	99.788544	99.800003	98.57489	98.584846	98.564079	98.587418	98.593208	98.674591	98.549446	81.929443	81.758652	81.927834	82.056351	82.076065	82.006134	81.795441	82.198288	82.087708	83.045105	82.923805	82.926056	81.904984	81.948868	82.076744	82.129501	81.81723	81.860352	82.556595	82.529022	82.599197	82.637512	82.092705	83.162155	82.668381	82.204399	82.499039	82.456711	84.278137	83.784767	82.195053
83.917229	83.989861	83.826599	83.965324	83.873802	83.930847	83.978035	83.954788	83.853897	83.847389	83.97142	83.817596	83.951195	83.929993	83.949844	83.935333	83.942108	83.943848	83.973663	83.900398	83.937523	83.985245	83.988647	83.953041	83.933807	83.975739	83.864853	83.846115	83.917374	83.940521	83.969986	83.931046	83.924026	84.099617	84.072868	83.844627	83.99353	84.242737	83.635216	83.759956	83.739914	83.800507	83.675171	83.523598	83.581635	83.65773	83.694778	83.808807	83.708359	83.789589	83.776779	92.942245	99.788544	100.0	99.996742	98.692566	98.713562	98.610588	98.549744	98.553993	98.70459	98.565552	81.708481	81.737869	81.789108	82.174149	82.190887	81.784363	81.792931	81.859955	81.799004	82.896202	82.89798	82.967079	81.827515	82.015533	82.032799	82.145981	81.823288	81.837921	82.547302	82.54216	82.612549	82.566116	82.148361	83.176636	82.701233	82.229401	82.403351	82.40947	84.283463	83.736557	82.197014
83.996986	84.01413	83.900604	83.971359	83.980728	83.993073	84.005013	84.020599	83.88829	83.926819	83.990189	83.903259	84.008698	83.96698	84.125229	84.09169	84.109047	84.081169	84.005508	83.923363	83.911369	83.977539	84.034142	84.015945	83.974426	84.032532	83.879395	83.864944	83.960007	84.001694	83.953094	83.965393	83.974533	84.107559	84.151794	83.762833	84.081429	84.307861	83.648468	83.710648	83.723923	83.802734	83.623367	83.515305	83.602036	83.646004	83.640083	83.743813	83.908752	83.825211	83.857803	92.964264	99.800003	99.996742	100.0	98.673004	98.682571	98.636864	98.54213	98.551071	98.714478	98.595871	81.863152	81.820419	81.88855	82.317329	82.301636	81.968048	81.744675	81.868317	81.924026	83.015091	82.926247	82.957916	81.887726	82.117409	82.204811	82.125381	81.812057	81.829559	82.549133	82.601578	82.589874	82.645294	82.110085	83.187012	82.730972	82.203842	82.381989	82.45092	84.230965	83.704483	82.172836
83.900085	83.9552	83.915268	83.97699	83.929337	83.903259	83.990601	84.000427	83.884644	83.876976	83.93203	83.894104	84.033905	83.908005	84.351738	84.289642	84.385345	84.355865	83.905777	83.912262	84.000671	84.055595	83.918549	83.981674	83.978928	84.034088	83.955116	83.863586	83.882156	83.980202	84.004379	83.950813	83.972717	84.036873	84.086494	83.775658	84.042183	84.592133	83.488335	83.668182	83.6922	83.729828	83.5858	83.500122	83.594131	83.628296	83.631279	83.693832	84.161987	83.738342	83.825577	93.166092	98.57489	98.692566	98.673004	100.0	99.918518	98.703415	98.719872	98.735344	98.760864	98.649231	81.973228	81.822433	81.890884	82.303299	82.326172	82.092758	81.80114	82.049881	82.046097	83.018661	82.96434	82.956963	81.880417	82.109116	82.126083	81.996567	81.796837	81.764755	82.53746	82.500435	82.525513	83.149208	82.061539	83.098602	82.637512	82.169807	82.481064	82.396713	84.19709	83.78479	82.253876
83.877762	83.879547	83.888824	83.895981	83.84951	83.843483	83.870659	83.927841	83.807014	83.837044	83.850372	83.908203	83.970383	83.810257	84.239799	84.276077	84.261169	84.282257	83.834412	83.838203	83.83136	83.94957	83.855087	83.90564	83.888794	83.943893	83.794174	83.845871	83.84993	83.876678	83.970253	83.888969	83.900284	83.985275	83.981903	83.716125	84.061676	84.571579	83.537094	83.583252	83.586777	83.639847	83.560181	83.466949	83.555023	83.588699	83.576309	83.59668	84.045151	83.614685	83.681068	93.119308	98.584846	98.713562	98.682571	99.918518	100.0	98.704575	98.734764	98.733643	98.773621	98.634155	81.893524	81.785782	81.889114	82.260674	82.316238	81.896164	81.786659	81.8909	81.944275	82.957123	82.834091	82.837509	81.868149	82.109184	82.198318	81.949448	81.791565	81.771271	82.499023	82.505577	82.536102	83.077301	82.09761	83.071213	82.584015	82.104614	82.337006	82.303978	84.263283	83.672455	82.100563
83.924347	83.99173	83.830902	83.942131	83.94046	83.984253	83.975922	83.954269	83.898041	83.877258	83.911842	83.915298	84.015915	83.860954	84.337517	84.317894	84.343475	84.381454	84.015289	83.890625	83.851028	83.993843	83.986069	83.966385	83.979691	83.977562	83.872742	83.877129	83.926956	84.039932	83.974854	83.980072	83.988663	84.154205	84.147003	83.770988	84.046494	84.437675	83.598862	83.668785	83.670715	83.717598	83.631348	83.592621	83.637451	83.697159	83.622009	83.728882	84.146561	83.797363	83.902298	93.175735	98.564079	98.610588	98.636864	98.703415	98.704575	100.0	99.9356	99.931351	98.968735	98.854469	81.836456	81.74823	81.850342	82.18866	82.217041	81.932083	81.774826	81.873924	81.863251	83.019791	82.864029	82.883453	81.892296	82.085495	82.13665	82.179749	81.856483	81.872452	82.556221	82.529266	82.541267	83.044685	82.089211	83.051224	82.579247	82.164734	82.432945	82.442383	84.236404	83.523972	82.180511
83.961288	83.908783	83.926346	83.985413	83.898926	83.921333	83.944504	83.976624	83.832291	83.823151	83.915863	83.908691	84.013771	83.889923	84.310417	84.283478	84.355881	84.359093	83.953011	83.887009	83.888672	84.035675	83.968773	83.942245	83.940674	83.902145	83.804436	83.755585	83.931389	83.933296	83.878258	83.984451	83.912964	83.987122	84.014938	83.811569	84.037003	84.57148	83.599571	83.681221	83.683777	83.681709	83.587029	83.476578	83.535141	83.581657	83.52475	83.742935	84.219467	83.769791	83.835571	93.165253	98.587418	98.549744	98.54213	98.719872	98.734764	99.9356	100.0	99.998093	98.945053	98.851852	81.87149	81.713333	81.983871	82.285446	82.283417	81.980057	81.706078	81.97699	81.886597	83.158607	82.825951	82.831451	81.91053	82.156754	82.148827	82.039757	81.826729	81.869644	82.499634	82.476845	82.553589	82.928986	82.11351	83.025414	82.498032	82.080338	82.403229	82.409637	84.25322	83.700104	82.124756
83.947861	83.892937	83.902946	83.944939	83.91655	83.958611	83.959106	83.963776	83.837372	83.816605	83.877487	83.955338	83.963135	83.904251	84.276306	84.262993	84.31485	84.292686	83.897285	83.862984	83.822113	83.985901	83.946289	83.974007	83.95356	83.861374	83.768814	83.765366	83.92012	83.941162	83.907288	83.960686	83.92408	84.006767	83.939011	83.806	83.956863	84.518021	83.569763	83.660889	83.646927	83.61676	83.550797	83.494202	83.530075	83.584808	83.550186	83.746887	84.206215	83.855621	83.803421	93.160339	98.593208	98.553993	98.551071	98.735344	98.733643	99.931351	99.998093	100.0	98.945129	98.860184	81.884033	81.784058	82.00853	82.34259	82.351486	82.088684	81.768944	82.072647	81.991409	83.179092	82.819717	82.886787	81.8731	82.171158	82.122284	81.963669	81.803818	81.812592	82.492722	82.47654	82.513901	82.886955	82.099731	82.995941	82.533699	82.113678	82.475845	82.414749	84.280136	83.681023	82.130692
83.977585	84.038925	83.895645	84.010223	83.900864	83.955841	84.011841	83.96077	83.900665	83.890144	83.9673	83.91571	84.02401	83.948311	84.306511	84.235901	84.315308	84.343086	84.007141	83.834183	83.870041	84.077728	83.948578	84.006729	84.037643	83.975128	83.902092	83.856537	84.014023	83.993774	84.016991	83.975021	84.007095	84.15921	84.162361	83.807205	84.009842	84.503418	83.576218	83.75164	83.716705	83.763687	83.657898	83.589447	83.665718	83.695908	83.630692	83.725815	84.214622	83.787735	83.894341	93.164688	98.674591	98.70459	98.714478	98.760864	98.773621	98.968735	98.945053	98.945129	100.0	98.878136	81.867493	81.826431	81.827232	81.814728	81.873962	81.998764	81.802185	81.90802	81.909729	83.020668	82.931	82.97393	81.987701	82.015587	81.943748	82.233765	81.740799	81.824699	82.573151	82.552856	82.57164	83.08432	82.142319	83.121384	82.607384	82.145477	82.437111	82.427101	84.253708	83.674133	82.1465
83.905838	84.053886	83.977753	84.03891	84.011917	83.993942	84.028374	84.095367	83.939232	84.01358	83.948212	84.007118	84.114441	83.83168	84.306671	84.305481	84.275299	84.270447	83.919067	83.848846	83.900421	84.000443	83.998032	83.981781	83.989555	83.972832	83.811096	83.769196	83.896942	83.929062	84.020752	83.961609	83.883835	83.961334	84.040985	83.80896	84.09333	84.539062	83.556366	83.688591	83.63681	83.656113	83.549133	83.495972	83.574722	83.642639	83.546036	83.647133	84.164154	83.791847	83.802193	93.259552	98.549446	98.565552	98.595871	98.649231	98.634155	98.854469	98.851852	98.860184	98.878136	100.0	81.820847	81.765816	81.916054	81.912827	81.908813	81.890091	81.762352	81.895706	81.861557	83.041046	82.932961	82.949684	81.876648	81.820183	81.862839	82.156616	81.840378	81.852692	82.492699	82.494659	82.56398	83.04364	82.09124	83.106895	82.652069	82.127518	82.373001	82.38446	84.195816	83.67308	82.154816
82.43605	82.421814	82.439018	82.419243	82.468597	82.484497	82.489441	82.452248	82.445099	82.446129	82.390625	82.45665	82.397858	82.507294	82.589798	82.56794	82.555473	82.561508	82.547928	82.521637	82.570816	82.426147	82.468582	82.367455	82.431015	82.413651	82.445648	82.315048	82.424843	82.415009	82.430779	82.476212	82.461411	82.512299	82.593018	82.416946	82.52037	83.090553	82.443954	82.419678	82.373077	82.393272	82.563263	82.460068	82.270248	82.435181	82.259613	82.423965	82.598282	82.497383	82.502808	81.841415	81.929443	81.708481	81.863152	81.973228	81.893524	81.836456	81.87149	81.884033	81.867493	81.820847	100.0	97.002022	96.541931	96.512955	96.507904	96.622055	96.587738	96.530106	96.519821	81.838768	81.540077	81.493713	83.726608	84.136917	83.940956	82.512741	82.295395	82.263016	83.931442	83.901932	84.211334	84.96579	83.746262	85.772354	85.487137	84.4375	82.080009	82.127579	81.143784	82.31514	81.921822
82.566132	82.573357	82.508583	82.5103	82.550926	82.576141	82.532692	82.510223	82.559982	82.53804	82.485718	82.507408	82.503006	82.539856	82.589622	82.51236	82.51622	82.489044	82.498291	82.437653	82.512909	82.442642	82.488304	82.428299	82.493286	82.495384	82.522629	82.406799	82.500053	82.562592	82.485489	82.517776	82.519028	82.577347	82.70253	82.520737	82.481949	82.598328	82.575676	82.58493	82.565262	82.568314	82.587646	82.526482	82.442589	82.563446	82.408791	82.478668	82.407364	82.345421	82.380951	81.712616	81.758652	81.737869	81.820419	81.822433	81.785782	81.74823	81.713333	81.784058	81.826431	81.765816	97.002022	100.0	97.878937	97.881996	97.886467	98.094742	97.543777	97.54631	97.552521	81.637054	81.553871	81.598755	83.556061	83.571823	83.579895	82.515656	82.213364	82.256172	83.905655	83.936676	83.941383	83.852936	83.781906	84.625793	84.693359	84.40831	82.275101	82.232056	81.092506	82.182541	81.229172
82.422256	82.456741	82.420586	82.390396	82.468483	82.412476	82.41304	82.465225	82.438171	82.375717	82.333397	82.412842	82.364662	82.416168	82.511032	82.424637	82.506744	82.468979	82.397484	82.345428	82.357979	82.374535	82.360504	82.299873	82.358597	82.336327	82.329773	82.28537	82.409813	82.319176	82.430382	82.403214	82.420242	82.541321	82.624565	82.405136	82.38118	83.389397	82.39093	82.305923	82.319809	82.275497	82.374359	82.357605	82.355667	82.386078	82.315048	82.319572	82.403259	82.395828	82.342903	81.850471	81.927834	81.789108	81.88855	81.890884	81.889114	81.850342	81.983871	82.00853	81.827232	81.916054	96.541931	97.878937	100.0	99.799362	99.801544	98.635605	98.670212	98.666245	98.67305	82.246155	81.465118	81.418304	83.520447	84.14254	83.91835	82.367226	82.211815	82.200417	83.829453	83.818237	84.245209	84.177391	83.788223	84.929718	85.149307	84.296783	82.109543	82.061935	81.103317	82.264832	81.539528
82.46402	82.445755	82.478043	82.418785	82.48912	82.46328	82.462112	82.519547	82.444862	82.410927	82.378845	82.429428	82.448257	82.488647	82.544098	82.522873	82.619606	82.603119	82.46347	82.430397	82.474174	82.452759	82.388229	82.469788	82.486664	82.485008	82.387108	82.392677	82.451294	82.355759	82.513908	82.447533	82.531334	82.56456	82.644272	82.447601	82.402092	83.316177	82.477386	82.449417	82.45314	82.460304	82.51149	82.423935	82.429169	82.481903	82.391846	82.366104	82.464195	82.388947	82.348099	81.849335	82.056351	82.174149	82.317329	82.303299	82.260674	82.18866	82.285446	82.34259	81.814728	81.912827	96.512955	97.881996	99.799362	100.0	99.99707	98.509308	98.688179	98.684006	98.679977	82.122513	81.570282	81.534515	83.596375	84.220848	84.141602	82.462692	82.198532	82.207184	83.852737	83.864105	84.042023	84.042557	83.801575	84.703842	85.217331	84.327011	82.223801	82.095398	81.098366	82.198792	81.42672
82.469147	82.444016	82.476662	82.417656	82.47818	82.455284	82.463432	82.473099	82.460205	82.401421	82.353668	82.405342	82.428314	82.49617	82.554779	82.525696	82.628052	82.586227	82.43425	82.437469	82.472565	82.450363	82.385933	82.4235	82.418655	82.423622	82.354645	82.339172	82.48053	82.360428	82.489288	82.42321	82.505463	82.527992	82.650154	82.455276	82.369553	83.171783	82.433464	82.451309	82.450661	82.442062	82.49427	82.378677	82.443588	82.511414	82.390778	82.400604	82.472519	82.411041	82.366425	81.889137	82.076065	82.190887	82.301636	82.326172	82.316238	82.217041	82.283417	82.351486	81.873962	81.908813	96.507904	97.886467	99.801544	99.99707	100.0	98.550049	98.697495	98.691277	98.6931	82.150665	81.523346	81.542206	83.600197	84.196388	84.171783	82.454575	82.252502	82.254593	83.845398	83.857056	84.008049	84.017647	83.793549	84.677391	85.039978	84.349472	82.226379	82.118675	81.11187	82.213058	81.343735
82.476814	82.559494	82.540436	82.427017	82.488342	82.487473	82.462601	82.500938	82.481964	82.445786	82.495895	82.450623	82.488426	82.579857	82.650269	82.627548	82.670723	82.621185	82.495888	82.429047	82.460289	82.523804	82.507538	82.505363	82.557648	82.564461	82.450851	82.372086	82.433746	82.453423	82.519318	82.45887	82.473572	82.667068	82.758255	82.552933	82.515335	82.972656	82.596832	82.6511	82.564919	82.572891	82.546585	82.486267	82.452728	82.436241	82.366821	82.569939	82.680771	82.485931	82.455841	81.933655	82.006134	81.784363	81.968048	82.092758	81.896164	81.932083	81.980057	82.088684	81.998764	81.890091	96.622055	98.094742	98.635605	98.509308	98.550049	100.0	98.785934	98.723412	98.704994	82.410385	81.628052	81.619446	83.784515	84.132553	83.918167	82.45031	82.252556	82.249298	83.839584	83.848602	83.919907	84.462265	83.771149	85.047409	85.587906	84.359688	82.173737	82.204391	81.117691	82.227402	81.252563
82.493042	82.449631	82.473	82.44957	82.443016	82.465897	82.501244	82.455414	82.465919	82.384567	82.399841	82.432892	82.441422	82.543327	82.542282	82.547211	82.552185	82.527191	82.569778	82.495857	82.476334	82.467255	82.517197	82.485611	82.539116	82.502243	82.398445	82.396149	82.560104	82.494049	82.530045	82.478317	82.492302	82.595406	82.69072	82.406715	82.579636	82.607025	82.53714	82.544777	82.509491	82.56192	82.599197	82.502655	82.45282	82.558792	82.388802	82.418007	82.429947	82.467239	82.475586	81.782043	81.795441	81.792931	81.744675	81.80114	81.786659	81.774826	81.706078	81.768944	81.802185	81.762352	96.587738	97.543777	98.670212	98.688179	98.697495	98.785934	100.0	99.082565	99.080185	81.585724	81.585197	81.553802	83.56929	83.50325	83.568481	82.488831	82.21611	82.232307	83.845032	83.854004	83.978439	83.860329	83.744209	84.59346	84.710785	84.345947	82.188675	82.101166	81.133301	82.181229	81.297455
82.399025	82.380112	82.392899	82.349213	82.371201	82.423981	82.371872	82.393837	82.328484	82.357605	82.297897	82.363609	82.370781	82.44986	82.555641	82.564178	82.580048	82.573349	82.498116	82.425049	82.338928	82.31321	82.353394	82.360992	82.402405	82.441223	82.41655	82.293785	82.420731	82.395523	82.399445	82.326569	82.376022	82.499588	82.662575	82.384888	82.42041	82.958778	82.465912	82.437943	82.414261	82.449127	82.543945	82.444427	82.415146	82.53167	82.383492	82.347656	82.597878	82.491287	82.404327	82.342743	82.198288	81.859955	81.868317	82.049881	81.8909	81.873924	81.97699	82.072647	81.90802	81.895706	96.530106	97.54631	98.666245	98.684006	98.691277	98.723412	99.082565	100.0	99.998642	82.105026	81.50106	81.553665	83.926529	84.586716	84.158859	82.375336	82.211594	82.198715	83.870483	83.859253	83.961021	84.334412	83.657898	85.037682	85.329453	84.286476	82.179092	82.129944	80.995499	82.269547	81.261002
82.407944	82.459641	82.45681	82.379379	82.435608	82.398689	82.420242	82.427444	82.382553	82.418182	82.33551	82.325218	82.375336	82.445557	82.560249	82.548645	82.550659	82.526703	82.509323	82.431526	82.384094	82.368515	82.359734	82.356415	82.440605	82.435089	82.4048	82.311829	82.339294	82.358261	82.377151	82.346069	82.371452	82.575073	82.656578	82.393501	82.443657	83.070465	82.400726	82.441902	82.432541	82.43438	82.494354	82.448456	82.412445	82.486252	82.312767	82.424469	82.602348	82.521957	82.461517	82.366104	82.087708	81.799004	81.924026	82.046097	81.944275	81.863251	81.886597	81.991409	81.909729	81.861557	96.519821	97.552521	98.67305	98.679977	98.6931	98.704994	99.080185	99.998642	100.0	82.092377	81.569901	81.523964	83.964905	84.597885	84.082748	82.380753	82.180832	82.174286	83.827698	83.80748	83.967926	84.361702	83.700165	85.072601	85.324852	84.309433	82.101387	82.150864	81.057556	82.286903	81.30999
83.75209	83.824615	83.802612	83.799377	83.84922	83.84935	83.849091	83.853043	83.85508	83.854187	83.757462	83.839249	83.818558	83.86702	83.907333	83.819901	83.7957	83.811745	83.857437	83.835594	83.805832	83.744583	83.800301	83.748474	83.760391	83.725403	83.866394	83.863831	83.807037	83.845551	83.800461	83.753052	83.761032	83.879654	83.9235	83.837433	83.857513	84.427048	83.679588	83.797409	83.830673	83.809006	83.634895	83.540665	83.552673	83.579765	83.433472	83.694038	84.01931	83.802094	83.906944	83.100883	83.045105	82.896202	83.015091	83.018661	82.957123	83.019791	83.158607	83.179092	83.020668	83.041046	81.838768	81.637054	82.246155	82.122513	82.150665	82.410385	81.585724	82.105026	82.092377	100.0	99.22084	99.292542	81.532082	81.682922	81.554489	81.358826	81.039032	81.128891	82.427086	82.38208	82.510674	82.750603	81.955482	82.807037	82.34639	82.010841	82.275162	82.288246	82.113571	84.2416	82.740181
83.839157	83.844147	83.867203	83.848465	83.888855	83.862442	83.830406	83.829514	83.86425	83.918869	83.820503	83.853073	83.822449	83.742523	83.727318	83.686157	83.687408	83.66571	83.836075	83.781349	83.858452	83.725693	83.774689	83.721085	83.727921	83.736351	83.856377	83.881355	83.835983	83.873581	83.676826	83.780121	83.783897	83.797195	83.817032	83.795624	83.927734	84.144478	83.696281	83.813431	83.807549	83.831108	83.680656	83.570679	83.61232	83.674652	83.484711	83.680481	83.889923	83.813889	83.893852	83.078506	82.923805	82.89798	82.926247	82.96434	82.834091	82.864029	82.825951	82.819717	82.931	82.932961	81.540077	81.553871	81.465118	81.570282	81.523346	81.628052	81.585197	81.50106	81.569901	99.22084	100.0	99.374657	81.407578	81.31839	81.38813	81.384506	81.079132	81.169434	82.417938	82.381645	82.494743	82.574722	82.072281	82.721832	82.352234	82.058723	82.389572	82.316818	82.154213	84.206711	82.834099
83.872406	83.841309	83.838943	83.87326	83.825882	83.921082	83.849655	83.828247	83.864113	83.899376	83.824249	83.836044	83.813461	83.885605	83.842262	83.749649	83.729164	83.758987	83.952652	83.856888	83.835991	83.787338	83.8395	83.74884	83.791199	83.759308	83.869568	83.819687	83.916763	83.886887	83.790802	83.808502	83.749802	83.865906	83.938721	83.77623	83.931786	84.129539	83.727127	83.8741	83.892578	83.914772	83.733727	83.612625	83.770775	83.739075	83.605728	83.711624	83.877548	83.8022	83.876678	83.083206	82.926056	82.967079	82.957916	82.956963	82.837509	82.883453	82.831451	82.886787	82.97393	82.949684	81.493713	81.598755	81.418304	81.534515	81.542206	81.619446	81.553802	81.553665	81.523964	99.292542	99.374657	100.0	81.468636	81.407822	81.412323	81.352036	81.03212	81.163864	82.519547	82.429825	82.568924	82.567825	82.001846	82.778198	82.354027	82.089676	82.308006	82.267319	82.222206	84.306503	82.750641
82.509491	82.551857	82.535393	82.548477	82.530891	82.527168	82.497711	82.555031	82.510895	82.491287	82.508026	82.460251	82.488541	82.601921	82.607246	82.550591	82.573776	82.612778	82.628769	82.598419	82.594864	82.657188	82.536011	82.587204	82.673294	82.63372	82.516525	82.506233	82.564209	82.677795	82.601517	82.614868	82.577682	82.638031	82.692108	82.544006	82.75177	82.921921	82.470337	82.507645	82.542618	82.496872	82.432053	82.452576	82.38533	82.445419	82.355873	82.521927	82.663872	82.65464	82.684479	81.865417	81.904984	81.827515	81.887726	81.880417	81.868149	81.892296	81.91053	81.8731	81.987701	81.876648	83.726608	83.556061	83.520447	83.596375	83.600197	83.784515	83.56929	83.926529	83.964905	81.532082	81.407578	81.468636	100.0	98.940025	98.871727	82.2146	81.917908	81.887924	83.559174	83.593414	83.628937	83.770203	83.527374	85.474136	85.738052	85.029495	82.093582	82.169495	81.011978	82.228821	81.227127
82.422699	82.431076	82.379669	82.402237	82.388672	82.375259	82.371468	82.424774	82.40004	82.359528	82.438049	82.392647	82.375122	82.561958	82.681503	82.665901	82.690308	82.705109	82.529091	82.51445	82.567184	82.468704	82.490494	82.51683	82.566223	82.537651	82.436714	82.381088	82.500504	82.530411	82.477417	82.483833	82.46862	82.388916	82.441116	82.51416	82.682259	83.386719	82.344391	82.403526	82.351936	82.279755	82.42746	82.323273	82.293594	82.223442	82.244247	82.344833	82.619629	82.53183	82.565781	81.839226	81.948868	82.015533	82.117409	82.109116	82.109184	82.085495	82.156754	82.171158	82.015587	81.820183	84.136917	83.571823	84.14254	84.220848	84.196388	84.132553	83.50325	84.586716	84.597885	81.682922	81.31839	81.407822	98.940025	100.0	98.66217	82.097961	81.93679	81.921043	83.602509	83.619354	83.976799	84.109474	83.477325	85.619568	85.975479	84.941261	81.895554	81.995872	81.016922	82.116142	81.539413
82.500854	82.499588	82.518204	82.530991	82.473938	82.521179	82.461304	82.497025	82.501846	82.427223	82.505249	82.465225	82.472549	82.554718	82.652458	82.603577	82.651306	82.647835	82.528214	82.564651	82.532791	82.550568	82.48848	82.492371	82.523468	82.565155	82.439148	82.424332	82.537399	82.536789	82.573776	82.520737	82.495964	82.490295	82.619232	82.557129	82.697189	83.040955	82.413147	82.438492	82.383041	82.401588	82.417984	82.376785	82.278091	82.292404	82.355186	82.404907	82.655235	82.554398	82.593857	81.877541	82.076744	82.032799	82.204811	82.126083	82.198318	82.13665	82.148827	82.122284	81.943748	81.862839	83.940956	83.579895	83.91835	84.141602	84.171783	83.918167	83.568481	84.158859	84.082748	81.554489	81.38813	81.412323	98.871727	98.66217	100.0	82.162582	81.952057	81.905991	83.529755	83.526169	84.132904	84.180328	83.540497	85.312332	86.178268	84.983078	82.018463	82.010666	80.9702	82.239861	81.251831
82.522072	82.560722	82.519218	82.5177	82.537498	82.560272	82.500893	82.574585	82.509949	82.550385	82.482574	82.625107	82.572647	82.552841	82.536812	82.499634	82.518066	82.533188	82.619942	82.514053	82.492401	82.582596	82.61953	82.552673	82.586769	82.603851	82.452049	82.317612	82.586304	82.532242	82.537888	82.564354	82.533188	82.561569	82.610275	82.445114	82.54425	82.696991	82.534721	82.542145	82.53949	82.539398	82.391304	82.377998	82.27446	82.352524	82.406807	82.516998	82.632996	82.713745	82.763573	82.0896	82.129501	82.145981	82.125381	81.996567	81.949448	82.179749	82.039757	81.963669	82.233765	82.156616	82.512741	82.515656	82.367226	82.462692	82.454575	82.45031	82.488831	82.375336	82.380753	81.358826	81.384506	81.352036	82.2146	82.097961	82.162582	100.0	88.82148	88.851418	83.290207	83.338272	83.177689	83.218918	82.743614	83.496155	83.161469	82.863983	82.257637	82.323135	81.268845	82.298676	81.148941
82.119644	82.157555	82.15052	82.168579	82.126335	82.172676	82.10173	82.194931	82.203766	82.161163	82.129807	82.140938	82.137146	82.236038	82.254318	82.247658	82.183121	82.256805	82.222519	82.153351	82.160156	82.211197	82.216454	82.240433	82.180138	82.229416	82.100143	82.027466	82.204773	82.170944	82.184586	82.184586	82.215088	82.116867	82.093475	82.226273	82.288498	82.388504	82.188889	82.106049	82.124191	82.108276	82.109451	82.026703	82.04277	82.051071	81.925438	82.11068	82.229263	82.120728	82.200974	81.902649	81.81723	81.823288	81.812057	81.796837	81.791565	81.856483	81.826729	81.803818	81.740799	81.840378	82.295395	82.213364	82.211815	82.198532	82.252502	82.252556	82.21611	82.211594	82.180832	81.039032	81.079132	81.03212	81.917908	81.93679	81.952057	88.82148	100.0	99.103706	82.914833	82.931656	82.819565	82.865128	82.503967	82.965416	82.773529	82.411957	81.938828	81.903687	81.1698	81.943573	80.956146
82.085175	82.091095	82.155914	82.155869	82.144684	82.134354	82.034576	82.124199	82.167938	82.08226	82.081177	82.098999	82.065002	82.134781	82.165649	82.136169	82.13707	82.149841	82.133667	82.119949	81.994644	82.151352	82.206345	82.148254	82.183823	82.223251	82.113861	82.006546	82.22226	82.129692	82.188278	82.208725	82.275352	82.186485	82.171059	82.221596	82.307571	82.283279	82.121704	82.123932	82.085007	82.09626	82.064041	82.004501	81.959946	82.020248	81.965363	82.176384	82.234482	82.251846	82.257797	81.903976	81.860352	81.837921	81.829559	81.764755	81.771271	81.872452	81.869644	81.812592	81.824699	81.852692	82.263016	82.256172	82.200417	82.207184	82.254593	82.249298	82.232307	82.198715	82.174286	81.128891	81.169434	81.163864	81.887924	81.921043	81.905991	88.851418	99.103706	100.0	82.877258	82.935158	82.873817	82.925568	82.580017	83.015244	82.769577	82.429359	81.889282	81.894127	81.130188	82.054688	81.030922
83.719803	83.740982	83.700043	83.732925	83.749611	83.715179	83.721634	83.682205	83.732422	83.693085	83.637749	83.711273	83.710922	83.729675	83.698746	83.683517	83.670715	83.673012	83.654495	83.783974	83.754272	83.75592	83.747833	83.799973	83.795425	83.787224	83.750595	83.686264	83.797836	83.883949	83.854126	83.807701	83.796326	83.771912	83.813751	83.782089	83.841415	83.94339	83.883774	83.862381	83.905258	83.889175	83.806458	83.725342	83.762894	83.812828	83.642868	83.635696	83.733612	83.789101	83.734863	82.603493	82.556595	82.547302	82.549133	82.53746	82.499023	82.556221	82.499634	82.492722	82.573151	82.492699	83.931442	83.905655	83.829453	83.852737	83.845398	83.839584	83.845032	83.870483	83.827698	82.427086	82.417938	82.519547	83.559174	83.602509	83.529755	83.290207	82.914833	82.877258	100.0	99.998299	95.039879	94.688812	85.484344	85.926071	85.259438	84.698952	82.794991	82.805573	81.826759	83.657532	82.162445
83.677338	83.769165	83.715546	83.776093	83.730667	83.761246	83.709244	83.720886	83.737617	83.75	83.658356	83.678955	83.718445	83.736252	83.7453	83.677765	83.710098	83.699417	83.698875	83.753883	83.784325	83.814331	83.817749	83.868591	83.815994	83.817612	83.812355	83.699913	83.830566	83.842072	83.894409	83.871643	83.837578	83.7836	83.828766	83.757462	83.898041	83.95665	83.922386	83.912781	83.943398	83.898727	83.818741	83.635162	83.793648	83.786514	83.683487	83.665527	83.770607	83.801147	83.753609	82.650566	82.529022	82.54216	82.601578	82.500435	82.505577	82.529266	82.476845	82.47654	82.552856	82.494659	83.901932	83.936676	83.818237	83.864105	83.857056	83.848602	83.854004	83.859253	83.80748	82.38208	82.381645	82.429825	83.593414	83.619354	83.526169	83.338272	82.931656	82.935158	99.998299	100.0	95.084984	94.667442	85.477631	85.957382	85.262291	84.720978	82.775101	82.820778	81.837204	83.557137	82.213829
83.788734	83.787415	83.755844	83.797256	83.755447	83.778114	83.763367	83.794952	83.806671	83.810913	83.734741	83.74678	83.809341	83.8647	83.960236	83.930634	83.89872	83.895508	83.939949	83.793823	83.88224	83.931259	83.889786	83.88916	83.838921	83.925903	83.800262	83.713928	83.885666	83.920731	83.913284	83.844406	83.863586	83.849869	83.788284	83.789719	83.998245	84.366699	83.898132	83.994446	83.98233	83.986557	83.840363	83.741882	83.726364	83.818588	83.88092	83.730377	83.876472	83.898964	83.999031	82.75824	82.599197	82.612549	82.589874	82.525513	82.536102	82.541267	82.553589	82.513901	82.57164	82.56398	84.211334	83.941383	84.245209	84.042023	84.008049	83.919907	83.978439	83.961021	83.967926	82.510674	82.494743	82.568924	83.628937	83.976799	84.132904	83.177689	82.819565	82.873817	95.039879	95.084984	100.0	96.938217	85.508492	86.305649	85.850563	84.774261	82.769791	82.772903	81.931046	83.690643	82.666321
83.607681	83.753517	83.722641	83.720169	83.676666	83.705276	83.723663	83.78978	83.733795	83.701477	83.683189	83.665436	83.684464	83.780762	84.288528	84.161903	84.150764	84.192566	83.949333	83.747566	83.785751	83.878525	83.713257	83.795189	83.739761	83.791443	83.760498	83.675362	83.708488	83.813828	83.762489	83.741028	83.77446	83.759796	83.808472	83.798111	83.917694	84.686554	83.882164	83.888603	83.888351	83.90036	83.870239	83.792953	83.718994	83.802673	83.704193	83.632553	84.207932	83.864426	83.856812	83.177559	82.637512	82.566116	82.645294	83.149208	83.077301	83.044685	82.928986	82.886955	83.08432	83.04364	84.96579	83.852936	84.177391	84.042557	84.017647	84.462265	83.860329	84.334412	84.361702	82.750603	82.574722	82.567825	83.770203	84.109474	84.180328	83.218918	82.865128	82.925568	94.688812	94.667442	96.938217	100.0	85.40184	86.7668	86.173882	84.693298	82.655609	82.67585	81.945374	83.650421	82.674988
83.269051	83.256134	83.26738	83.281418	83.271904	83.26593	83.31221	83.264893	83.343498	83.217575	83.243713	83.311203	83.303947	83.3703	83.297485	83.265991	83.368088	83.325317	83.326218	83.302963	83.356735	83.409981	83.393547	83.483017	83.479935	83.523041	83.374123	83.27536	83.358192	83.362381	83.340126	83.35228	83.375153	83.293823	83.299049	83.387772	83.335129	83.538788	83.500206	83.419197	83.414368	83.400848	83.322662	83.404747	83.325829	83.323616	83.357574	83.288132	83.385994	83.372025	83.39418	82.228104	82.092705	82.148361	82.110085	82.061539	82.09761	82.089211	82.11351	82.099731	82.142319	82.09124	83.746262	83.781906	83.788223	83.801575	83.793549	83.771149	83.744209	83.657898	83.700165	81.955482	82.072281	82.001846	83.527374	83.477325	83.540497	82.743614	82.503967	82.580017	85.484344	85.477631	85.508492	85.40184	100.0	85.129547	84.826569	84.431755	82.629089	82.657249	81.548584	82.945969	81.987686
84.030777	84.052444	84.067673	84.01622	84.032791	84.067245	84.046204	83.951797	83.995338	84.010605	83.984924	84.019287	84.097786	84.229874	84.229782	84.113632	84.192291	84.217987	84.177826	84.130394	84.112396	84.196106	84.169708	84.179962	84.179817	84.142395	84.132149	84.087891	84.233597	84.232803	84.252678	84.22995	84.241928	84.229256	84.315765	84.181625	84.35257	84.706413	84.242523	84.240402	84.259895	84.267792	83.997757	84.175034	84.061493	84.128952	83.938232	84.042992	84.160828	84.290115	84.337723	83.104614	83.162155	83.176636	83.187012	83.098602	83.071213	83.051224	83.025414	82.995941	83.121384	83.106895	85.772354	84.625793	84.929718	84.703842	84.677391	85.047409	84.59346	85.037682	85.072601	82.807037	82.721832	82.778198	85.474136	85.619568	85.312332	83.496155	82.965416	83.015244	85.926071	85.957382	86.305649	86.7668	85.129547	100.0	88.939903	87.835739	83.013016	82.970627	82.333595	84.143486	83.058861
83.697342	83.657288	83.754684	83.691437	83.727409	83.779175	83.744064	83.703873	83.652405	83.717056	83.625793	83.631981	83.685226	83.723099	83.707092	83.639923	83.657166	83.686447	83.71077	83.694878	83.775146	83.79464	83.775543	83.784782	83.803925	83.880379	83.783745	83.747681	83.777855	83.832199	83.857094	83.764114	83.796165	83.742386	83.899338	83.773048	83.845222	84.245972	83.815872	83.767548	83.728584	83.758331	83.737755	83.737129	83.687019	83.701172	83.630676	83.703438	83.710442	83.996994	83.929398	82.69783	82.668381	82.701233	82.730972	82.637512	82.584015	82.579247	82.498032	82.533699	82.607384	82.652069	85.487137	84.693359	85.149307	85.217331	85.039978	85.587906	84.710785	85.329453	85.324852	82.34639	82.352234	82.354027	85.738052	85.975479	86.178268	83.161469	82.773529	82.769577	85.259438	85.262291	85.850563	86.173882	84.826569	88.939903	100.0	90.938538	82.929886	82.801163	81.977356	83.412552	82.659981
83.200134	83.240646	83.245468	83.216522	83.27684	83.210922	83.231537	83.21257	83.181366	83.162415	83.205536	83.190781	83.282776	83.310463	83.32225	83.228851	83.293869	83.303848	83.221268	83.313934	83.25515	83.261307	83.286957	83.345131	83.323212	83.364609	83.275681	83.245865	83.360092	83.30336	83.338242	83.322624	83.315948	83.292191	83.230194	83.290421	83.382896	83.428734	83.34568	83.36602	83.357239	83.440994	83.402618	83.306641	83.265083	83.452866	83.043678	83.294083	83.376083	83.292717	83.343971	82.147354	82.204399	82.229401	82.203842	82.169807	82.104614	82.164734	82.080338	82.113678	82.145477	82.127518	84.4375	84.40831	84.296783	84.327011	84.349472	84.359688	84.345947	84.286476	84.309433	82.010841	82.058723	82.089676	85.029495	84.941261	84.983078	82.863983	82.411957	82.429359	84.698952	84.720978	84.774261	84.693298	84.431755	87.835739	90.938538	100.0	82.418442	82.41481	81.570999	82.999268	81.901733
84.724121	84.660957	84.648926	84.692047	84.649612	84.701607	84.621582	84.697105	84.656525	84.676178	84.675461	84.615372	84.617348	84.575912	84.529465	84.570892	84.466629	84.505142	84.572128	84.522835	84.540031	84.479408	84.530029	84.490875	84.541687	84.490044	84.512314	84.45179	84.448448	84.475098	84.520645	84.392593	84.450676	84.437111	84.474716	84.522217	84.560089	84.649796	84.380768	84.424728	84.443451	84.457016	84.584152	84.353882	84.393921	84.463745	84.319427	84.409706	84.699699	84.672302	84.608826	82.287354	82.499039	82.403351	82.381989	82.481064	82.337006	82.432945	82.403229	82.475845	82.437111	82.373001	82.080009	82.275101	82.109543	82.223801	82.226379	82.173737	82.188675	82.179092	82.101387	82.275162	82.389572	82.308006	82.093582	81.895554	82.018463	82.257637	81.938828	81.889282	82.794991	82.775101	82.769791	82.655609	82.629089	83.013016	82.929886	82.418442	100.0	99.405975	81.616287	82.939133	82.094063
84.701813	84.718414	84.661575	84.727188	84.716782	84.703407	84.60405	84.650131	84.713722	84.695419	84.639	84.566277	84.676338	84.600372	84.489426	84.587173	84.52639	84.466888	84.564247	84.540833	84.558395	84.516968	84.461632	84.458054	84.559265	84.542053	84.58065	84.502411	84.511681	84.546036	84.563278	84.452621	84.47113	84.538528	84.551041	84.592728	84.640938	84.639427	84.454819	84.440308	84.381371	84.393158	84.559059	84.370026	84.369797	84.382004	84.34082	84.663315	84.626648	84.70079	84.687897	82.410751	82.456711	82.40947	82.45092	82.396713	82.303978	82.442383	82.409637	82.414749	82.427101	82.38446	82.127579	82.232056	82.061935	82.095398	82.118675	82.204391	82.101166	82.129944	82.150864	82.288246	82.316818	82.267319	82.169495	81.995872	82.010666	82.323135	81.903687	81.894127	82.805573	82.820778	82.772903	82.67585	82.657249	82.970627	82.801163	82.41481	99.405975	100.0	81.554428	83.025558	82.099411
82.888474	82.824554	82.854546	82.810112	82.812515	82.784424	82.764992	82.780594	82.80751	82.712479	82.741211	82.733795	82.751755	82.968735	82.916199	82.913185	82.913986	82.948227	82.863411	82.96994	82.876892	83.028084	83.006607	82.956116	82.941872	82.926102	82.881271	82.752899	82.881203	82.933983	82.964706	82.949753	82.957664	83.055939	83.035233	82.867889	82.980347	83.129471	82.749168	82.860092	82.799362	82.831253	82.567261	82.585091	82.672806	82.706268	82.840622	82.853302	82.847618	82.941582	82.947456	84.406776	84.278137	84.283463	84.230965	84.19709	84.263283	84.236404	84.25322	84.280136	84.253708	84.195816	81.143784	81.092506	81.103317	81.098366	81.11187	81.117691	81.133301	80.995499	81.057556	82.113571	82.154213	82.222206	81.011978	81.016922	80.9702	81.268845	81.1698	81.130188	81.826759	81.837204	81.931046	81.945374	81.548584	82.333595	81.977356	81.570999	81.616287	81.554428	100.0	82.638077	81.537758
84.730804	84.764679	84.715973	84.762192	84.69696	84.693573	84.696274	84.718063	84.745911	84.663483	84.733231	84.712379	84.664139	84.8302	84.808365	84.675827	84.749908	84.726562	84.675278	84.552048	84.66777	84.802872	84.769913	84.860336	84.8731	84.766914	84.701187	84.721741	84.849701	84.83149	84.816666	84.826591	84.81488	84.788803	84.821716	84.9244	84.88031	85.012939	84.475052	84.807251	84.703522	84.735413	84.63649	84.495865	84.425888	84.551437	84.51799	84.414429	84.490219	84.510918	84.587364	83.881294	83.784767	83.736557	83.704483	83.78479	83.672455	83.523972	83.700104	83.681023	83.674133	83.67308	82.31514	82.182541	82.264832	82.198792	82.213058	82.227402	82.181229	82.269547	82.286903	84.2416	84.206711	84.306503	82.228821	82.116142	82.239861	82.298676	81.943573	82.054688	83.657532	83.557137	83.690643	83.650421	82.945969	84.143486	83.412552	82.999268	82.939133	83.025558	82.638077	100.0	86.27832
83.215797	83.252975	83.279251	83.24646	83.262558	83.22049	83.240204	83.226189	83.225815	83.161949	83.253693	83.255341	83.220764	83.341263	83.37413	83.279419	83.386826	83.346313	83.372147	83.409149	83.386276	83.148621	83.284584	83.203934	83.285599	83.282219	83.340759	83.161942	83.389221	83.300461	83.305908	83.298134	83.369751	83.222549	83.329056	83.237137	83.360512	83.697174	83.211151	83.53244	83.55423	83.58017	83.287704	83.323395	83.357712	83.444321	83.234711	83.21727	83.319305	83.331177	83.381226	82.264694	82.195053	82.197014	82.172836	82.253876	82.100563	82.180511	82.124756	82.130692	82.1465	82.154816	81.921822	81.229172	81.539528	81.42672	81.343735	81.252563	81.297455	81.261002	81.30999	82.740181	82.834099	82.750641	81.227127	81.539413	81.251831	81.148941	80.956146	81.030922	82.162445	82.213829	82.666321	82.674988	81.987686	83.058861	82.659981	81.901733	82.094063	82.099411	81.537758	86.27832	100.0
